time,latitude,longitude,depth,mag,magType,nst,gap,dmin,rms,net,id,updated,place,type,horizontalError,depthError,magError,magNst,status,locationSource,magSource
2018-11-10T19:56:02.860Z,38.061,-122.2285,8.84,3.53,mw,192,61,0.006408,0.17,nc,nc73109341,2019-02-17T10:36:01.677Z,"2km NW of Crockett, CA",earthquake,0.11,0.16,,5,reviewed,nc,nc
2018-11-02T15:27:03.690Z,36.6763333,-121.303,5.27,3.55,mw,65,54,0.06601,0.07,nc,nc73105346,2019-01-21T14:29:44.040Z,"13km S of Tres Pinos, CA",earthquake,0.12,0.52,,5,reviewed,nc,nc
2018-11-02T13:22:45.940Z,36.6793333,-121.3055,2.61,3.56,mw,31,77,0.06873,0.05,nc,nc73105296,2018-11-03T16:06:44.688Z,"12km S of Tres Pinos, CA",earthquake,0.19,1.05,,6,reviewed,nc,nc
2018-11-02T12:58:54.230Z,36.6801667,-121.3146667,6.48,4.11,mw,80,54,0.06916,0.15,nc,nc73105276,2019-01-21T14:29:44.040Z,"12km S of Tres Pinos, CA",earthquake,0.14,0.51,,5,reviewed,nc,nc
2018-10-05T13:29:37.550Z,36.7533333,-121.3536667,11.42,3.83,mw,87,42,0.07589,0.26,nc,nc73093981,2018-12-14T20:32:41.040Z,"5km SW of Tres Pinos, CA",earthquake,0.22,0.5,,8,reviewed,nc,nc
2018-07-30T22:22:53.470Z,38.0828333,-122.4096667,11.95,3.66,mw,249,27,0.0684,0.16,nc,nc73061391,2019-02-17T15:53:07.990Z,"10km ESE of Black Point-Green Point, CA",earthquake,0.09,0.18,,4,reviewed,nc,nc
2018-04-16T16:39:26.470Z,37.4346667,-121.773,9.31,3.82,mw,216,31,0.02682,0.12,nc,nc73000196,2019-01-26T03:12:37.075Z,"9km NNE of Alum Rock, CA",earthquake,0.07,0.16,,6,reviewed,nc,nc
2018-02-23T20:19:39.660Z,37.8263333,-121.9845,6.16,3.51,mw,137,25,0.01812,0.18,nc,nc72974766,2018-05-22T02:00:24.040Z,"2km ENE of Danville, CA",earthquake,0.12,0.16,,3,reviewed,nc,nc
2018-01-24T06:02:33.030Z,36.9373333,-121.661,7.1,3.6,mw,137,47,0.006471,0.13,nc,nc72957816,2018-11-08T21:54:39.420Z,"6km NNW of Aromas, CA",earthquake,0.11,0.2,,6,reviewed,nc,nc
2018-01-04T10:39:37.730Z,37.8551667,-122.2568333,12.31,4.38,mw,289,13,0.004662,0.18,nc,nc72948801,2019-02-17T22:51:28.325Z,"2km SE of Berkeley, CA",earthquake,0.11,0.2,,7,reviewed,nc,nc
2017-12-27T06:32:09.060Z,37.3965,-121.7468333,10.55,3.9,mw,248,29,0.02939,0.2,nc,nc72944701,2018-09-08T20:23:44.477Z,"8km ENE of Alum Rock, CA",earthquake,0.1,0.23,,4,reviewed,nc,nc
2017-11-15T01:23:53.150Z,36.6271667,-121.2378333,5.5,3.76,mw,77,55,0.06392,0.09,nc,nc72924455,2018-02-06T02:45:34.040Z,"22km NE of Gonzales, California",earthquake,0.12,0.38,,4,reviewed,nc,nc
2017-11-13T19:31:29.050Z,36.6305,-121.2443333,6.31,4.58,mw,82,55,0.05988,0.11,nc,nc72923380,2018-10-05T14:00:40.985Z,"22km NE of Gonzales, California",earthquake,0.12,0.36,,6,reviewed,nc,nc
2017-10-10T00:53:18.270Z,37.3135,-121.672,9.69,4.09,mw,243,23,0.0366,0.16,nc,nc72906781,2018-04-16T19:28:14.135Z,"14km ESE of Alum Rock, California",earthquake,0.1,0.2,,6,reviewed,nc,nc
2017-08-31T15:59:16.280Z,38.621,-122.7033333,6.67,3.52,mw,117,43,0.07814,0.13,nc,nc72882765,2018-01-18T06:09:09.089Z,"11km WNW of Calistoga, California",earthquake,0.11,0.39,,4,reviewed,nc,nc
2017-04-30T01:29:19.710Z,37.8251667,-121.806,15.2,3.78,mw,259,30,0.01495,0.25,nc,nc72795746,2017-07-29T03:16:08.040Z,"8km E of Blackhawk, California",earthquake,0.15,0.27,,13,reviewed,nc,nc
2017-04-13T22:21:02.320Z,36.4725,-120.9975,5.06,3.52,mw,75,101,0.0508,0.12,nc,nc72788391,2017-07-05T18:09:59.040Z,"27km NE of Greenfield, California",earthquake,0.18,0.6,,4,reviewed,nc,nc
2017-03-31T10:55:53.700Z,36.8776667,-121.6141667,6.2,4,mw,113,27,0.02664,0.12,nc,nc72782971,2017-06-16T23:08:05.040Z,"2km ESE of Aromas, California",earthquake,0.09,0.19,,4,reviewed,nc,nc
2017-03-08T17:20:23.530Z,36.6355,-121.2558333,7.16,3.72,mw,82,56,0.05334,0.09,nc,nc72771746,2017-05-31T01:58:59.040Z,"21km SSE of Ridgemark, California",earthquake,0.1,0.3,,4,reviewed,nc,nc
2017-02-26T14:58:40.100Z,36.959,-121.5756667,4.46,3.6,mw,148,44,0.01487,0.19,nc,nc72768191,2018-11-29T14:13:37.454Z,"5km S of Gilroy, California",earthquake,0.11,0.23,,3,reviewed,nc,nc
2017-01-23T03:15:19.780Z,36.5886667,-121.1448333,8.17,3.5,ml,52,57,0.08534,0.09,nc,nc72755195,2017-04-19T18:30:56.040Z,"24km NE of Soledad, California",earthquake,0.12,0.35,0.17,55,reviewed,nc,nc
2016-11-09T00:55:46.860Z,36.4631667,-121.007,6.5,3.6,mw,73,63,0.03964,0.09,nc,nc72722235,2017-03-18T00:06:11.011Z,"26km NE of Greenfield, California",earthquake,0.14,0.3,,7,reviewed,nc,nc
2016-10-18T22:09:07.690Z,36.713,-121.3113333,7.59,3.55,mw,68,41,0.05586,0.13,nc,nc72714296,2017-03-18T00:04:09.872Z,"12km SSE of Ridgemark, California",earthquake,0.15,0.45,,5,reviewed,nc,nc
2016-09-13T07:50:22.080Z,37.8046667,-122.1975,4.02,3.54,mw,236,12,0.00991,0.14,nc,nc72694726,2018-07-25T19:50:21.724Z,"3km SE of Piedmont, California",earthquake,0.08,0.13,,5,reviewed,nc,nc
2016-08-15T16:17:21.510Z,36.7015,-121.338,4.4,3.62,mw,76,49,0.06306,0.1,nc,nc72677741,2017-03-18T00:00:44.197Z,"12km SSE of Ridgemark, California",earthquake,0.11,0.44,,5,reviewed,nc,nc
2016-07-19T21:39:20.380Z,36.697,-121.3413333,4.24,3.93,mw,34,85,0.06306,0.08,nc,nc71103759,2017-02-10T17:08:42.700Z,"12km S of Ridgemark, California",earthquake,0.2,0.38,,4,reviewed,nc,nc
2016-07-19T21:38:38.910Z,36.6925,-121.3296667,5.87,4.22,mw,77,29,0.05225,0.1,nc,nc72663506,2017-03-17T23:53:40.304Z,"13km SSE of Ridgemark, California",earthquake,0.12,0.54,,8,reviewed,nc,nc
2016-07-18T09:27:25.020Z,37.0295,-121.1981667,2.02,3.68,mw,107,49,0.04865,0.12,nc,nc72662921,2018-10-06T04:39:01.307Z,"26km NE of Hollister, California",earthquake,0.1,0.52,,10,reviewed,nc,nc
2016-07-18T05:53:31.160Z,36.6898333,-121.3251667,4.91,3.84,mw,74,53,0.04775,0.11,nc,nc72662816,2017-03-24T05:02:15.123Z,"14km SSE of Ridgemark, California",earthquake,0.12,0.44,,6,reviewed,nc,nc
2015-11-13T07:36:07.300Z,36.776,-121.2906667,8.62,3.51,ml,77,72,0.04144,0.08,nc,nc72554936,2017-03-17T23:43:18.371Z,"7km ESE of Ridgemark, California",earthquake,0.12,0.24,0.205,65,reviewed,nc,nc
2015-10-19T23:21:17.680Z,37.7918333,-121.9635,7.4,3.6,mw,161,56,0.007207,0.15,nc,nc72540765,2018-02-23T20:36:25.212Z,"1km NE of San Ramon, California",earthquake,0.1,0.1,,5,reviewed,nc,nc
2015-08-17T13:49:17.320Z,37.8366667,-122.2321667,4.69,4.01,mw,270,12,0.01171,0.15,nc,nc72507396,2018-05-15T19:49:44.415Z,"1km N of Piedmont, California",earthquake,0.08,0.11,,9,reviewed,nc,nc
2015-07-21T09:41:14.480Z,37.5776667,-121.974,8.37,3.98,mw,282,16,0.009009,0.17,nc,nc72490826,2018-05-16T21:44:20.057Z,"3km NNE of Fremont, California",earthquake,0.08,0.12,,4,reviewed,nc,nc
2015-05-22T02:53:00.780Z,38.4316667,-122.2503333,12.83,4.09,mw,172,90,0.008108,0.19,nc,nc72453246,2017-03-17T23:36:14.313Z,"10km ENE of Yountville, California",earthquake,0.17,0.23,,5,reviewed,nc,nc
2015-05-06T14:32:04.070Z,37.9661667,-122.0433333,12.12,3.51,mw,197,36,0.009009,0.19,nc,nc72444186,2017-03-17T23:35:18.134Z,"1km NNE of Pleasant Hill, California",earthquake,0.12,0.18,,4,reviewed,nc,nc
2015-05-03T22:13:19.500Z,37.9665,-122.0436667,13.14,3.64,mw,267,30,0.01351,0.21,nc,nc72439615,2017-04-30T01:41:29.528Z,"2km SW of Concord, California",earthquake,0.14,0.18,,3,reviewed,nc,nc
2015-04-02T07:06:03.870Z,37.792,-121.9868333,9.89,3.61,mw,232,45,0.006306,0.14,nc,nc72424876,2018-02-16T21:45:42.379Z,"1km NNW of San Ramon, California",earthquake,0.09,0.12,,6,reviewed,nc,nc
2015-01-20T13:21:36.970Z,36.4333333,-120.971,9.39,4.43,mw,98,58,0.03964,0.1,nc,nc72383481,2017-03-17T23:29:55.265Z,"27km ENE of Greenfield, California",earthquake,0.15,0.3,,6,reviewed,nc,nc
2014-12-06T02:16:07.370Z,36.7941667,-121.5168333,6.43,3.92,mw,138,20,0.04505,0.13,nc,nc72360741,2017-03-17T23:28:13.137Z,"6km SSE of San Juan Bautista, California",earthquake,0.1,0.24,,5,reviewed,nc,nc
2014-11-20T06:26:49.290Z,36.806,-121.5358333,6.23,4.23,mw,143,22,0.03694,0.15,nc,nc72350156,2017-03-17T23:27:10.708Z,"4km S of San Juan Bautista, California",earthquake,0.1,0.22,,6,reviewed,nc,nc
2014-11-20T06:21:27.650Z,36.8076667,-121.5303333,5.608,3.64,mw,76,24,0.04595,0.09,nc,nc72350151,2017-03-17T23:26:39.371Z,"4km S of San Juan Bautista, California",earthquake,0.12,0.26,,5,reviewed,nc,nc
2014-09-09T18:17:57.980Z,36.6813333,-121.3111667,5.848,3.58,mw,79,30,0.03423,0.09,nc,nc72295271,2017-03-17T23:19:52.381Z,"15km SSE of Ridgemark, California",earthquake,0.12,0.31,,4,reviewed,nc,nc
2014-08-26T12:33:22.230Z,38.1661667,-122.2998333,10.405,3.73,ml,7,163,0.04865,0.05,nc,nc71095504,2017-03-17T21:12:00.058Z,"3km WSW of American Canyon, California",earthquake,1.69,0.81,0.119,13,reviewed,nc,nc
2014-08-26T12:33:16.840Z,38.1785,-122.3008333,12.577,3.9,mw,260,41,0.05946,0.15,nc,nc72284586,2017-03-17T23:19:22.550Z,"3km W of American Canyon, California",earthquake,0.11,0.16,,7,reviewed,nc,nc
2014-08-24T12:47:12.550Z,38.2383333,-122.3425,8.439,3.6,mw,279,21,0.02432,0.18,nc,nc72283201,2017-03-17T23:18:51.071Z,"8km SW of Napa, California",earthquake,0.09,0.19,,3,reviewed,nc,nc
2014-08-24T10:24:44.240Z,38.2598333,-122.3373333,10.343,3.51,ml,164,71,0.04505,0.12,nc,nc72282751,2017-03-17T23:18:16.563Z,"6km SW of Napa, California",earthquake,0.1,0.17,0.114,10,reviewed,nc,nc
2014-08-24T10:21:45.440Z,38.235,-122.3198333,9.001,3.81,ml,114,50,0.03423,0.17,nc,nc72282716,2017-03-17T23:17:43.158Z,"7km SSW of Napa, California",earthquake,0.18,0.32,0.056,4,reviewed,nc,nc
2014-08-24T10:20:44.070Z,38.2151667,-122.3123333,11.12,6.02,mw,369,28,0.03604,0.18,nc,nc72282711,2019-02-23T08:37:48.958Z,"South Napa",earthquake,0.11,0.15,,0,reviewed,nc,nc
2014-08-21T04:33:49.630Z,36.6868333,-121.0131667,7.822,3.84,mw,92,54,0.04324,0.23,nc,nc72281046,2017-03-17T23:16:12.782Z,"34km ESE of Ridgemark, California",earthquake,0.27,0.7,,7,reviewed,nc,nc
2014-04-04T04:04:54.970Z,38.4493333,-122.254,7.831,3.63,mw,205,67,0.00991,0.2,nc,nc72193350,2017-03-17T23:13:12.021Z,"10km ENE of Yountville, California",earthquake,0.14,0.28,,4,reviewed,nc,nc
2013-12-06T06:44:55.030Z,38.6761667,-122.3896667,9.628,3.65,mw,102,64,0.04414,0.17,nc,nc72115885,2017-03-17T22:59:58.734Z,"12km NNE of Angwin, California",earthquake,0.2,0.35,,3,reviewed,nc,nc
2013-12-02T10:05:21.790Z,36.9395,-121.5356667,7.83,3.65,mw,102,22,0.02613,0.15,nc,nc72113080,2017-03-17T22:59:04.746Z,"7km SSE of Gilroy, California",earthquake,0.14,0.34,,4,reviewed,nc,nc
2013-06-28T03:52:39.490Z,36.7536667,-121.4701667,6.396,3.87,mw,150,23,0.01081,0.22,nc,nc72016695,2017-03-17T22:50:23.517Z,"11km WSW of Ridgemark, California",earthquake,0.15,0.2,,4,reviewed,nc,nc
2013-05-10T05:12:24.890Z,37.3735,-121.7235,8.19,3.5,mw,259,36,0.03604,0.15,nc,nc71988946,2017-03-17T22:44:30.539Z,"8km E of East Foothills, California",earthquake,0.1,0.2,,3,reviewed,nc,nc
2013-01-15T15:14:30.960Z,36.5633333,-121.0746667,7.967,3.52,mw,89,34,0.03243,0.13,nc,nc71922121,2017-03-17T22:37:35.343Z,"Central California",earthquake,0.14,0.31,,5,reviewed,nc,nc
2012-10-29T04:25:16.260Z,36.5915,-121.2008333,8.347,3.94,mw,105,37,0.01892,0.11,nc,nc71870540,2017-03-17T22:35:01.696Z,"Central California",earthquake,0.11,0.27,,5,reviewed,nc,nc
2012-06-03T17:31:37.000Z,37.2613333,-121.6356667,8.085,3.52,mw,243,30,0.08108,0.16,nc,nc71795731,2017-03-17T22:19:07.401Z,"Northern California",earthquake,0.11,0.26,,5,reviewed,nc,nc
2012-04-06T03:16:20.010Z,36.5571667,-121.1186667,5.582,3.69,mw,96,29,0.05586,0.09,nc,nc71759475,2017-03-17T22:14:49.246Z,"Central California",earthquake,0.11,0.28,,4,reviewed,nc,nc
2012-03-05T13:33:20.450Z,37.9268333,-122.3103333,8.093,3.99,mw,235,13,0.001802,0.19,nc,nc71746766,2017-10-11T20:00:20.154Z,"San Francisco Bay area, California",earthquake,0.09,0.14,,9,reviewed,nc,nc
2012-02-16T17:13:20.580Z,38.0781667,-122.234,8.247,3.54,mw,248,21,0.00991,0.2,nc,nc71736656,2017-03-17T22:13:09.447Z,"San Francisco Bay area, California",earthquake,0.09,0.14,,2,reviewed,nc,nc
2012-02-16T02:09:14.050Z,38.0766667,-122.2328333,8.827,3.55,mw,252,21,0.008108,0.2,nc,nc71736351,2017-03-17T22:12:37.286Z,"San Francisco Bay area, California",earthquake,0.11,0.18,,4,reviewed,nc,nc
2011-10-27T12:36:44.460Z,37.8666667,-122.2605,7.99,3.62,mw,257,13,0.007207,0.17,nc,nc71671256,2017-03-17T22:08:34.642Z,"San Francisco Bay area, California",earthquake,0.09,0.13,,4,reviewed,nc,nc
2011-10-21T03:16:05.260Z,37.8608333,-122.2566667,7.939,3.84,mw,264,14,0.004505,0.17,nc,nc71667591,2017-03-17T22:07:12.924Z,"San Francisco Bay area, California",earthquake,0.09,0.15,,6,reviewed,nc,nc
2011-10-20T21:41:04.260Z,37.857,-122.2526667,7.989,3.95,mw,260,14,0.001802,0.17,nc,nc71667366,2017-03-17T22:06:27.625Z,"San Francisco Bay area, California",earthquake,0.08,0.14,,10,reviewed,nc,nc
2011-08-27T07:21:59.970Z,36.6011667,-121.2025,6.462,3.61,mw,92,33,0.06757,0.07,nc,nc71627850,2017-03-17T22:04:05.459Z,"Central California",earthquake,0.1,0.34,,3,reviewed,nc,nc
2011-08-27T07:18:21.150Z,36.5843333,-121.1808333,7.5,4.64,mw,97,31,0.08108,0.08,nc,nc71627835,2017-03-17T22:03:22.852Z,"Central California",earthquake,0.11,0.3,,5,reviewed,nc,nc
2011-08-24T06:36:54.060Z,37.7438333,-122.1486667,8.092,3.6,mw,266,20,0.01712,0.17,nc,nc71625060,2017-03-17T22:01:53.116Z,"San Francisco Bay area, California",earthquake,0.1,0.23,,4,reviewed,nc,nc
2011-07-06T07:18:52.360Z,36.6651667,-121.2928333,7.19,3.8,mw,86,39,0.01532,0.06,nc,nc71596420,2017-03-17T22:00:24.161Z,"Central California",earthquake,0.11,0.26,,5,reviewed,nc,nc
2011-01-13T04:00:35.890Z,36.8028333,-121.5416667,7.173,3.92,mw,142,30,0.02703,0.18,nc,nc71509345,2017-03-17T21:54:50.749Z,"Central California",earthquake,0.14,0.24,,5,reviewed,nc,nc
2011-01-13T03:54:34.980Z,36.8018333,-121.5405,7.333,3.68,mw,107,28,0.02793,0.17,nc,nc71509330,2017-03-17T21:54:13.001Z,"Central California",earthquake,0.17,0.3,,4,reviewed,nc,nc
2011-01-12T08:51:03.680Z,36.7711667,-121.4963333,7.661,4.5,mw,134,35,0.01802,0.19,nc,nc71508850,2017-03-17T21:53:45.259Z,"Central California",earthquake,0.15,0.28,,16,reviewed,nc,nc
2011-01-08T00:10:16.740Z,37.2871667,-121.6581667,9.593,4.1,mw,244,55,0.03063,0.18,nc,nc71506865,2017-03-17T21:53:02.637Z,"Northern California",earthquake,0.14,0.37,,10,reviewed,nc,nc
2010-08-10T00:51:10.830Z,36.9085,-121.6408333,5.253,3.85,mw,134,34,0.02883,0.12,nc,nc71444201,2017-03-17T21:44:12.371Z,"Central California",earthquake,0.12,0.24,,4,reviewed,nc,nc
2010-06-12T06:05:13.610Z,36.8626667,-121.6091667,7.592,3.57,mw,97,64,0.01441,0.12,nc,nc71413856,2017-03-17T21:39:24.548Z,"Central California",earthquake,0.15,0.27,,7,reviewed,nc,nc
2010-03-07T06:14:12.350Z,36.8128333,-121.5356667,4.93,3.55,mw,92,34,0.03063,0.16,nc,nc71359775,2017-03-17T21:34:01.223Z,"Central California",earthquake,0.16,0.33,,3,reviewed,nc,nc
2010-02-08T19:56:23.890Z,36.723,-121.3635,2.886,3.5,mw,70,38,0.04775,0.07,nc,nc71350686,2017-03-17T21:33:03.040Z,"Central California",earthquake,0.12,0.38,,4,reviewed,nc,nc
2010-01-08T19:48:50.050Z,37.4821667,-121.793,9.373,3.73,mw,179,37,0.03243,0.15,nc,nc71337451,2017-03-17T21:25:20.313Z,"San Francisco Bay area, California",earthquake,0.14,0.33,,3,reviewed,nc,nc
2010-01-07T18:09:35.040Z,37.4811667,-121.7986667,10.753,4.05,mw,201,36,0.03063,0.17,nc,nc71336726,2017-03-17T21:24:25.236Z,"San Francisco Bay area, California",earthquake,0.14,0.34,,4,reviewed,nc,nc
2009-11-01T14:55:34.130Z,36.6323333,-121.2526667,10.527,3.55,mw,89,39,0.03784,0.08,nc,nc71303390,2017-03-17T21:21:02.022Z,"Central California",earthquake,0.12,0.21,,4,reviewed,nc,nc
2009-10-14T03:27:41.220Z,37.6396667,-121.8786667,9.165,3.71,mw,224,14,0.01802,0.21,nc,nc71299286,2017-03-17T21:19:49.555Z,"San Francisco Bay area, California",earthquake,0.13,0.2,,3,reviewed,nc,nc
2009-09-09T18:45:52.080Z,36.9021667,-121.6321667,4.854,3.56,mw,103,39,0.03784,0.12,nc,nc71278336,2017-03-17T21:18:32.378Z,"Central California",earthquake,0.13,0.31,,4,reviewed,nc,nc
2009-09-06T09:47:15.190Z,36.8515,-121.4115,9.35,3.87,mw,117,33,0.03604,0.09,nc,nc71271995,2017-03-17T21:16:49.553Z,"Central California",earthquake,0.11,0.2,,4,reviewed,nc,nc
2009-06-08T22:15:04.510Z,37.822,-121.965,8.657,3.51,mw,132,60,0.04324,0.17,nc,nc40237825,2017-03-17T20:23:55.844Z,"San Francisco Bay area, California",earthquake,0.14,0.26,,4,reviewed,nc,nc
2009-04-30T22:50:54.670Z,37.2535,-121.6358333,6.045,3.51,mw,139,31,0.03063,0.08,nc,nc51220793,2017-03-17T21:04:50.659Z,"Northern California",earthquake,0.09,0.25,,4,reviewed,nc,nc
2009-03-30T17:40:29.260Z,37.2848333,-121.6156667,7.145,4.3,mw,170,57,0.05225,0.14,nc,nc40234037,2017-03-17T20:22:12.282Z,"Northern California",earthquake,0.12,0.35,,7,reviewed,nc,nc
2009-03-08T14:47:19.540Z,37.4743333,-121.8045,9.419,3.5,mw,162,29,0.02432,0.13,nc,nc40232887,2017-03-17T20:19:05.367Z,"San Francisco Bay area, California",earthquake,0.11,0.29,,4,reviewed,nc,nc
2009-02-06T00:20:28.960Z,36.693,-121.3223333,4.541,3.7,mw,81,41,0.04775,0.08,nc,nc40231391,2017-03-17T20:17:41.836Z,"Central California",earthquake,0.11,0.35,,5,reviewed,nc,nc
2009-01-21T20:49:42.510Z,36.6978333,-121.3306667,6.314,3.5,mw,82,34,0.05586,0.08,nc,nc51215680,2017-03-17T21:03:02.464Z,"Central California",earthquake,0.12,0.35,,3,reviewed,nc,nc
2009-01-20T09:12:26.870Z,36.691,-121.3215,5.021,3.8,mw,82,43,0.04595,0.08,nc,nc51215576,2017-03-17T21:02:22.883Z,"Central California",earthquake,0.12,0.38,,4,reviewed,nc,nc
2009-01-20T08:14:42.500Z,36.6963333,-121.3278333,4.674,3.8,mw,82,37,0.05315,0.09,nc,nc51215567,2017-03-17T21:01:43.337Z,"Central California",earthquake,0.12,0.38,,4,reviewed,nc,nc
2009-01-20T06:06:00.470Z,36.6956667,-121.3273333,6.044,3.9,mw,81,38,0.05225,0.09,nc,nc51215555,2017-03-17T21:01:14.884Z,"Central California",earthquake,0.13,0.36,,4,reviewed,nc,nc
2009-01-15T14:44:07.740Z,36.6838333,-121.3256667,5.81,3.7,mw,22,54,0.06486,0.11,nc,nc71011822,2017-03-17T21:06:52.053Z,"Central California",earthquake,0.24,0.67,,4,reviewed,nc,nc
2009-01-15T14:43:53.370Z,36.6865,-121.3145,5.941,3.54,ml,80,50,0.03874,0.07,nc,nc40230187,2017-03-17T20:17:15.627Z,"Central California",earthquake,0.12,0.36,0.203,8,reviewed,nc,nc
2008-12-22T18:15:56.800Z,36.6856667,-121.3015,1.151,3.55,ml,81,34,0.02973,0.1,nc,nc51213676,2017-03-17T20:58:48.350Z,"Central California",earthquake,0.11,0.35,0.232,73,reviewed,nc,nc
2008-12-21T20:09:33.160Z,36.6778333,-121.3038333,6.181,3.6,mw,81,35,0.02703,0.07,nc,nc51213552,2017-03-17T20:57:39.063Z,"Central California",earthquake,0.11,0.31,,5,reviewed,nc,nc
2008-12-21T17:35:36.640Z,36.6748333,-121.3001667,6.761,4,mw,80,38,0.02342,0.06,nc,nc51213534,2017-03-17T20:56:49.757Z,"Central California",earthquake,0.11,0.33,,6,reviewed,nc,nc
2008-09-06T04:00:15.250Z,37.862,-122.0075,16.328,4.1,mw,176,41,,0.31,nc,nc51207740,2017-03-17T20:50:57.037Z,"San Francisco Bay area, California",earthquake,0.24,0.34,,4,reviewed,nc,nc
2008-06-19T23:57:51.680Z,36.681,-121.3086667,5.808,3.8,mw,78,31,0.03153,0.07,nc,nc40219463,2017-03-17T20:13:21.711Z,"Central California",earthquake,0.11,0.26,,5,reviewed,nc,nc
2008-06-06T09:02:53.890Z,37.8158333,-122.075,7.608,3.5,mw,166,33,0.00991,0.19,nc,nc51203888,2018-07-09T18:49:26.779Z,"San Francisco Bay area, California",earthquake,0.14,0.33,,4,reviewed,nc,nc
2008-06-04T02:29:04.150Z,38.2418333,-122.1838333,10.065,3.96,mw,114,97,0.04595,0.23,nc,nc51203773,2017-03-17T20:48:24.883Z,"Northern California",earthquake,0.26,0.45,,3,reviewed,nc,nc
2007-10-31T22:54:24.520Z,37.4351667,-121.7798333,8.548,3.69,mw,158,51,0.02252,0.12,nc,nc51189819,2017-03-17T20:43:06.403Z,"San Francisco Bay area, California",earthquake,0.11,0.3,,4,reviewed,nc,nc
2007-10-31T03:04:54.810Z,37.4335,-121.7743333,9.741,5.45,mw,156,50,0.02703,0.11,nc,nc40204628,2017-09-18T22:24:00.790Z,"San Francisco Bay area, California",earthquake,0.11,0.28,,6,reviewed,nc,nc
2007-07-20T11:42:22.360Z,37.804,-122.193,5.262,4.2,mw,150,16,0.02613,0.16,nc,nc40199209,2017-03-17T20:02:46.928Z,"San Francisco Bay area, California",earthquake,0.12,0.26,,6,reviewed,nc,nc
2007-07-02T19:58:53.170Z,36.8795,-121.6225,8.323,4.2,mw,101,55,,0.12,nc,nc51183708,2017-03-17T20:41:29.767Z,"Central California",earthquake,0.14,0.32,,8,reviewed,nc,nc
2007-05-20T23:10:19.540Z,37.364,-121.727,6.358,3.5,mw,114,35,0.03423,0.09,nc,nc51182114,2017-03-17T20:35:47.772Z,"San Francisco Bay area, California",earthquake,0.09,0.23,,5,reviewed,nc,nc
2007-03-02T04:40:00.750Z,37.8965,-122.1113333,15.981,4.23,mw,155,29,0.02793,0.2,nc,nc40194055,2017-03-17T19:57:09.245Z,"San Francisco Bay area, California",earthquake,0.17,0.27,,13,reviewed,nc,nc
2007-02-25T17:02:27.480Z,37.3055,-121.075,6.282,3.5,ml,122,62,0.1225,0.14,nc,nc40193905,2017-03-17T19:55:45.117Z,"Northern California",earthquake,0.19,0.44,0.248,18,reviewed,nc,nc
2007-01-12T11:27:50.290Z,38.3901667,-122.6156667,9.694,3.7,mw,114,27,0.03694,0.14,nc,nc51177644,2017-03-17T20:29:45.740Z,"Northern California",earthquake,0.14,0.24,,4,reviewed,nc,nc
2006-12-23T06:49:57.280Z,37.8576667,-122.2451667,9.153,3.6,mw,170,13,,0.18,nc,nc51177103,2017-03-17T20:29:14.869Z,"San Francisco Bay area, California",earthquake,0.12,0.24,,4,reviewed,nc,nc
2006-12-21T03:12:28.760Z,37.8571667,-122.2446667,8.643,3.6,mw,168,14,,0.17,nc,nc51177042,2017-03-17T20:28:40.143Z,"San Francisco Bay area, California",earthquake,0.12,0.21,,5,reviewed,nc,nc
2006-11-29T21:20:46.780Z,36.8485,-121.4538333,3.05,3.7,mw,93,21,0.03874,0.13,nc,nc21549979,2018-07-09T18:48:33.189Z,"Central California",earthquake,0.13,0.37,,3,reviewed,nc,nc
2006-08-03T03:08:12.860Z,38.3635,-122.5886667,8.55,4.5,mw,107,28,0.01712,0.14,nc,nc21530368,2018-07-31T15:50:37.536Z,"Northern California",earthquake,0.14,0.27,,6,reviewed,nc,nc
2006-07-06T20:43:24.060Z,38.5043333,-123.459,-0.511,3.7,mw,83,195,0.2288,0.19,nc,nc21526081,2017-03-17T19:04:16.478Z,"offshore Northern California",earthquake,0.34,0.73,,5,reviewed,nc,nc
2006-06-15T12:24:51.110Z,37.1015,-121.492,2.831,4.3,mw,111,65,0.02432,0.07,nc,nc21522424,2018-07-05T15:28:50.848Z,"Northern California",earthquake,0.1,0.21,,6,reviewed,nc,nc
2006-04-01T12:25:59.780Z,36.5195,-121.0935,1.434,4.34,ml,86,37,0.01712,0.07,nc,nc21511291,2018-07-05T15:26:09.055Z,"Central California",earthquake,0.09,0.2,,21,reviewed,nc,nc
2006-03-21T21:41:42.220Z,37.8093333,-122.071,12.653,3.7,mw,145,37,0.00991,0.26,nc,nc21510121,2017-03-17T18:56:25.994Z,"San Francisco Bay area, California",earthquake,0.2,0.44,,4,reviewed,nc,nc
2006-01-25T15:29:57.150Z,37.3865,-121.4846667,5.149,3.6,mw,115,67,0.05495,0.15,nc,nc21504088,2018-07-09T18:43:44.749Z,"Northern California",earthquake,0.18,0.46,,4,reviewed,nc,nc
2006-01-15T10:42:06.990Z,37.3846667,-121.5118333,2.313,3.6,mw,114,58,0.04054,0.16,nc,nc21502994,2017-03-17T18:53:34.636Z,"Northern California",earthquake,0.14,0.77,,3,reviewed,nc,nc
2005-08-13T19:13:20.740Z,36.6335,-121.2496667,7.06,3.6,mw,90,40,0.03874,0.06,nc,nc21476836,2018-07-09T18:41:06.801Z,"Central California",earthquake,0.09,0.27,,2,reviewed,nc,nc
2005-05-08T08:43:55.350Z,38.3783333,-122.1623333,8.527,4.14,mw,119,63,0.05225,0.17,nc,nc21455182,2018-07-05T15:19:02.340Z,"Northern California",earthquake,0.15,0.3,,4,reviewed,nc,nc
2005-02-05T18:43:30.310Z,37.4003333,-121.4833333,7.195,4.18,mw,116,69,0.05586,0.1,nc,nc21437727,2018-07-05T15:18:08.636Z,"Northern California",earthquake,0.13,0.33,,4,reviewed,nc,nc
2004-12-15T04:16:52.280Z,36.636,-121.2538333,10.24,3.75,mw,81,39,0.03514,0.07,nc,nc21427412,2018-07-09T18:37:20.723Z,"Central California",earthquake,0.12,0.23,,4,reviewed,nc,nc
2004-11-24T05:23:39.640Z,36.6008333,-121.2023333,6.483,3.66,mw,81,33,0.02793,0.07,nc,nc21422216,2017-03-17T18:17:18.510Z,"Central California",earthquake,0.1,0.27,,3,reviewed,nc,nc
2004-11-24T02:06:04.510Z,36.6068333,-121.209,6.403,4.35,mw,87,28,0.03514,0.07,nc,nc21422178,2018-07-05T15:14:54.584Z,"Central California",earthquake,0.12,0.31,,5,reviewed,nc,nc
2004-11-01T22:02:33.160Z,37.069,-122.279,9.1,3.6,ml,18,213.9,,,us,usp000d7g2,2015-01-28T09:44:35.421Z,"offshore Northern California",earthquake,,,,,reviewed,nc,nc
2004-11-01T22:02:33.160Z,37.0691667,-122.2791667,8.749,3.57,ml,91,190,0.1117,0.15,nc,nc21416422,2017-03-17T18:15:39.740Z,"offshore Northern California",earthquake,0.37,0.58,,14,reviewed,nc,nc
2004-10-25T19:55:37.640Z,36.966,-121.597,7.7,3.7,mwr,29,164.2,,,us,usp000d72g,2015-01-28T06:49:16.068Z,"Northern California",earthquake,,,,,reviewed,nc,brk
2004-10-25T19:55:37.640Z,36.967,-121.5976667,7.391,3.68,mw,113,22,0.01532,0.15,nc,nc21414391,2017-03-17T18:13:50.836Z,"Northern California",earthquake,0.15,0.34,,3,reviewed,nc,nc
2004-09-22T10:57:35.610Z,36.8013333,-121.5311667,7.912,3.67,mw,76,35,0.03063,0.08,nc,nc21397674,2018-07-09T18:36:27.537Z,"Central California",earthquake,0.14,0.3,,3,reviewed,nc,nc
2004-08-31T09:12:27.740Z,36.5881667,-121.1841667,6.477,3.77,mw,68,33,0.01441,0.07,nc,nc21392343,2018-07-09T18:32:36.706Z,"Central California",earthquake,0.12,0.35,,6,reviewed,nc,nc
2004-08-30T04:30:57.070Z,36.493,-121.3134995,5.153,4.61,ml,79,209,0.2911,0.3,ci,ci14088052,2016-04-02T13:42:19.390Z,"8km N of Soledad, CA",earthquake,19.39,8.59,0.174,2,automatic,ci,ci
2004-08-30T04:30:57.040Z,36.5765,-121.1781667,8.532,3.91,mw,89,27,0.00991,0.07,nc,nc21392076,2017-03-17T18:00:23.285Z,"Central California",earthquake,0.11,0.24,,4,reviewed,nc,nc
2004-05-04T17:25:31.700Z,36.7028333,-121.2903333,5.365,3.72,mw,63,32,0.03153,0.09,nc,nc30227538,2017-03-17T19:40:43.517Z,"Central California",earthquake,0.14,0.33,,3,reviewed,nc,nc
2004-04-29T19:49:58.830Z,37.727,-121.819,19.1,3.7,mwr,20,90.5,,,us,usp000cts2,2015-01-28T06:27:03.979Z,"San Francisco Bay area, California",earthquake,,,,,reviewed,nc,brk
2004-04-29T19:49:58.830Z,37.7281667,-121.817,18.701,3.75,mw,134,56,0.01351,0.16,nc,nc21361036,2017-03-17T17:52:44.022Z,"San Francisco Bay area, California",earthquake,0.16,0.15,,4,reviewed,nc,nc
2004-03-16T06:38:32.570Z,36.805,-121.5203333,4.652,4.25,mw,96,34,0.02162,0.16,nc,nc21350824,2018-06-11T19:52:56.997Z,"Central California",earthquake,0.16,0.32,,5,reviewed,nc,nc
2004-01-31T02:11:23.210Z,37.0988333,-121.5643333,6.501,3.58,mw,110,29,0.04144,0.09,nc,nc21339029,2018-07-09T18:23:32.805Z,"Northern California",earthquake,0.11,0.29,,4,reviewed,nc,nc
2004-01-21T06:23:00.790Z,37.7243333,-121.8155,18.556,3.71,mw,114,73,0.01532,0.11,nc,nc21335949,2018-07-09T18:22:37.624Z,"San Francisco Bay area, California",earthquake,0.15,0.16,,3,reviewed,nc,nc
2003-11-06T22:04:13.230Z,37.2046661,-121.6681671,-0.334,3.68,ml,27,136,,0.29,ci,ci14002288,2016-04-02T16:54:31.110Z,"8km N of Morgan Hill, CA",earthquake,0.87,1.8,0.034,1,automatic,ci,ci
2003-11-06T22:04:13.230Z,37.209,-121.6633333,6.677,3.7,mw,112,51,0.05045,0.08,nc,nc30226539,2017-03-17T19:36:02.977Z,"Northern California",earthquake,0.1,0.27,,4,reviewed,nc,nc
2003-10-24T22:00:35.090Z,36.7023333,-121.3361667,4.403,3.55,ml,74,33,0.009009,0.07,nc,nc30226477,2017-03-17T19:35:24.763Z,"Central California",earthquake,0.11,0.27,,13,reviewed,nc,nc
2003-10-19T15:32:52.180Z,37.9063333,-122.146,7.814,3.5,mw,106,41,0.03514,0.15,nc,nc30226452,2018-07-09T18:18:17.119Z,"San Francisco Bay area, California",earthquake,0.13,0.24,,4,reviewed,nc,nc
2003-09-25T14:33:45.740Z,36.8201667,-121.3545,6,3.5,mw,84,42,0.04414,0.07,nc,nc21309098,2018-07-09T18:17:02.754Z,"Central California",earthquake,0.12,0.26,,4,reviewed,nc,nc
2003-09-05T01:39:53.680Z,37.8431667,-122.2225,11.013,4,mw,130,27,0.02793,0.1,nc,nc21305648,2018-07-09T18:16:14.513Z,"San Francisco Bay area, California",earthquake,0.1,0.24,,7,reviewed,nc,nc
2003-07-30T04:50:06.360Z,38.681,-122.912,5.1,4,mwr,40,177.9,,,us,usp000c3pv,2015-01-28T06:40:49.563Z,"Northern California",earthquake,,,,,reviewed,nc,brk
2003-07-30T04:50:06.360Z,38.6806667,-122.9098333,4.868,4,mw,47,44,0.08468,0.1,nc,nc30226086,2017-03-17T19:31:29.919Z,"Northern California",earthquake,0.16,0.63,,5,reviewed,nc,nc
2003-05-26T10:01:39.600Z,37.3095,-121.6785,8.594,3.81,ml,109,41,0.05045,0.06,nc,nc30226058,2018-07-09T18:11:55.400Z,"Northern California",earthquake,0.09,0.31,,16,reviewed,nc,nc
2003-05-25T07:09:33.670Z,38.4581667,-122.699,4.625,4.12,mw,82,52,0.01802,0.17,nc,nc30225889,2018-06-11T19:28:32.527Z,"Northern California",earthquake,0.16,0.36,,6,reviewed,nc,nc
2003-05-22T23:48:57.290Z,36.723999,-121.3050003,6.279,3.78,ml,43,280,,0.54,ci,ci13965956,2016-04-02T00:48:25.987Z,"11km SSE of Ridgemark, CA",earthquake,15.54,19.23,0.285,9,automatic,ci,ci
2003-05-22T23:48:52.860Z,36.5565,-121.1006667,9.876,3.72,md,80,44,0.05045,0.07,nc,nc30225887,2017-03-17T19:29:25.167Z,"Central California",earthquake,0.13,0.2,0.1,98,reviewed,nc,nc
2003-02-02T18:47:38.820Z,37.7481667,-121.9423333,15.964,4,mw,117,64,0.0982,0.15,nc,nc30225375,2018-06-11T19:23:02.376Z,"San Francisco Bay area, California",earthquake,0.17,0.24,,3,reviewed,nc,nc
2003-02-02T18:22:58.350Z,37.7425,-121.9373333,15.594,4,mw,115,74,0.0964,0.13,nc,nc21266207,2018-06-11T19:21:59.936Z,"San Francisco Bay area, California",earthquake,0.16,0.25,,3,reviewed,nc,nc
2003-02-02T16:22:52.390Z,37.746,-121.943,16.6,3.7,mw,29,,,,us,usp000bpuy,2015-01-28T07:36:31.406Z,"San Francisco Bay area, California",earthquake,,,,,reviewed,nc,brk
2003-02-02T16:22:52.390Z,37.747,-121.9401667,15.644,3.8,mw,112,59,0.1,0.13,nc,nc30225576,2017-03-17T19:27:54.966Z,"San Francisco Bay area, California",earthquake,0.15,0.26,,3,reviewed,nc,nc
2003-01-07T22:29:26.910Z,36.806,-121.3898333,7.985,4.3,mw,91,33,0.04324,0.07,nc,nc21262721,2018-06-11T19:18:59.529Z,"Central California",earthquake,0.12,0.23,,5,reviewed,nc,nc
2002-12-24T08:22:30.880Z,37.6071667,-122.475,8.868,3.6,mw,105,86,0.02973,0.08,nc,nc21261124,2018-07-09T18:04:43.279Z,"San Francisco Bay area, California",earthquake,0.15,0.27,,10,reviewed,nc,nc
2002-11-26T12:38:36.230Z,37.7623333,-121.945,9.852,3.64,ml,95,60,0.09459,0.1,nc,nc21257111,2018-07-09T18:03:18.198Z,"San Francisco Bay area, California",earthquake,0.13,0.23,,17,reviewed,nc,nc
2002-11-25T18:22:04.290Z,37.7626667,-121.9391667,10.141,3.52,ml,96,67,0.09009,0.1,nc,nc21256969,2018-07-09T18:03:01.636Z,"San Francisco Bay area, California",earthquake,0.12,0.25,,15,reviewed,nc,nc
2002-11-25T03:57:59.250Z,37.758,-121.946,10.6,3.8,ml,31,,,,us,usp000bjbm,2015-01-28T04:50:36.950Z,"San Francisco Bay area, California",earthquake,,,,,reviewed,nc,nc
2002-11-25T03:57:59.250Z,37.7608333,-121.9436667,9.349,3.75,ml,97,78,0.09279,0.09,nc,nc30225220,2017-03-17T19:26:40.965Z,"San Francisco Bay area, California",earthquake,0.12,0.21,,18,reviewed,nc,nc
2002-11-24T14:54:23.050Z,37.7591667,-121.9476667,9.741,3.9,mw,112,60,0.0955,0.1,nc,nc30225187,2018-07-09T18:02:34.999Z,"San Francisco Bay area, California",earthquake,0.1,0.24,,4,reviewed,nc,nc
2002-10-23T13:34:32.900Z,36.8155,-121.5318333,4.91,3.75,ml,74,34,0.02703,0.12,nc,nc21251334,2018-07-09T18:02:10.069Z,"Central California",earthquake,0.16,0.29,,14,reviewed,nc,nc
2002-09-28T16:07:47.660Z,36.5935,-121.2,8.995,3.7,mw,76,35,0.01982,0.07,nc,nc21247553,2017-03-17T17:09:00.396Z,"Central California",earthquake,0.12,0.24,,4,reviewed,nc,nc
2002-09-25T07:08:46.160Z,36.5925,-121.1998333,7.655,3.8,mw,55,34,0.01892,0.05,nc,nc30224932,2018-07-09T18:00:45.361Z,"Central California",earthquake,0.12,0.33,,5,reviewed,nc,nc
2002-05-24T17:44:01.590Z,36.5491667,-121.1296667,1.896,3.75,ml,73,40,0.05495,0.07,nc,nc21227108,2017-03-17T17:06:18.252Z,"Central California",earthquake,0.1,0.31,,13,reviewed,nc,nc
2002-05-14T05:00:29.500Z,36.9668333,-121.5983333,6.791,4.9,mw,110,30,0.01532,0.15,nc,nc21254601,2018-07-13T21:45:47.044Z,"Northern California",earthquake,0.15,0.31,,4,reviewed,nc,nc
2002-05-08T14:59:36.110Z,38.2238333,-121.8375,17.43,3.6,mw,167,45,0.07477,0.28,nc,nc21224932,2017-03-17T17:02:48.933Z,"Northern California",earthquake,0.22,0.31,,4,reviewed,nc,nc
2002-04-23T11:59:20.720Z,36.8671667,-121.607,8.552,3.6,mw,83,55,0.02072,0.09,nc,nc21222598,2018-07-09T17:57:56.602Z,"Central California",earthquake,0.15,0.31,,4,reviewed,nc,nc
2001-12-29T18:13:14.330Z,36.6268333,-121.2333333,5.61,3.68,ml,56,55,0.06036,0.06,nc,nc21207431,2017-03-17T16:51:40.044Z,"Central California",earthquake,0.14,0.47,,14,reviewed,nc,nc
2001-12-28T21:14:01.950Z,36.641,-121.251,6.8,4.6,mw,96,,,,us,usp000avf0,2015-01-28T10:24:47.411Z,"Central California",earthquake,,,,,reviewed,nc,brk
2001-12-28T21:14:01.950Z,36.6401667,-121.251,6.575,4.6,mw,60,71,0.03243,0.07,nc,nc21207275,2017-03-17T16:50:03.583Z,"Central California",earthquake,0.15,0.32,,5,reviewed,nc,nc
2001-08-26T05:03:02.450Z,36.8116667,-121.5308333,6.17,4,mw,66,34,0.02703,0.07,nc,nc21191274,2018-06-11T19:08:14.646Z,"Central California",earthquake,0.14,0.25,,4,reviewed,nc,nc
2001-07-06T15:07:31.970Z,38.346,-122.6326667,6.618,3.5,mw,64,45,0.04324,0.12,nc,nc21177031,2018-07-09T17:51:34.168Z,"Northern California",earthquake,0.17,0.31,,5,reviewed,nc,nc
2001-07-03T21:57:18.790Z,36.694,-121.325,4.145,3.75,ml,78,45,0.02162,0.06,nc,nc21174882,2017-03-17T16:36:00.231Z,"Central California",earthquake,0.11,0.28,,14,reviewed,nc,nc
2001-07-03T19:07:16.260Z,36.6921667,-121.3236667,4.575,4,mw,78,43,0.02342,0.05,nc,nc30223942,2018-06-11T19:06:57.117Z,"Central California",earthquake,0.11,0.29,,3,reviewed,nc,nc
2001-07-03T19:02:50.790Z,36.6946667,-121.3281667,5.575,4.1,mw,74,45,0.01892,0.05,nc,nc21209319,2017-03-17T16:52:12.110Z,"Central California",earthquake,0.11,0.3,,5,reviewed,nc,nc
2001-07-02T17:33:53.680Z,36.6953333,-121.3283333,4.3,4.1,mw,70,88,0.01802,0.06,nc,nc30223107,2018-06-11T19:05:49.883Z,"Central California",earthquake,0.1,0.27,,4,reviewed,nc,nc
2001-04-12T10:01:32.560Z,36.9158333,-121.6428333,5.346,3.52,ml,81,43,0.02162,0.1,nc,nc21157893,2018-07-09T17:51:14.301Z,"Northern California",earthquake,0.15,0.29,,12,reviewed,nc,nc
2001-02-25T23:18:22.500Z,37.333,-121.699,7.8,4.4,mwr,43,,,,us,usp000aad3,2015-01-28T03:10:33.656Z,"Northern California",earthquake,,,,,reviewed,nc,brk
2001-02-25T23:18:22.500Z,37.3325,-121.6991667,7.078,4.4,mw,95,39,0.05315,0.05,nc,nc21149422,2017-03-17T16:29:12.397Z,"Northern California",earthquake,0.11,0.3,,5,reviewed,nc,nc
2001-02-11T23:04:06.580Z,36.795,-121.5116667,6.375,4.01,ml,64,35,0.02432,0.1,nc,nc21147372,2018-06-11T19:04:43.953Z,"Central California",earthquake,0.15,0.3,,14,reviewed,nc,nc
2001-02-07T18:22:08.750Z,36.6645,-121.2918333,7.496,3.85,ml,80,40,0.01532,0.07,nc,nc21146740,2017-03-17T16:27:33.705Z,"Central California",earthquake,0.13,0.26,,15,reviewed,nc,nc
2000-12-14T18:58:21.730Z,37.349,-121.714,8.2,3.5,ml,31,,,,us,usp000a62y,2015-01-28T10:25:26.226Z,"Northern California",earthquake,,,,,reviewed,nc,brk
2000-12-05T22:54:54.500Z,36.778,-121.379,9,4.4,mw,49,,,,us,usp000a5jv,2015-01-28T15:12:37.184Z,"Central California",earthquake,,,,,reviewed,nc,brk
2000-12-05T22:54:54.500Z,36.778,-121.379,8.615,3.9,ml,77,37,0.02342,0.07,nc,nc21137338,2017-03-17T16:14:20.799Z,"Central California",earthquake,0.14,0.28,,14,reviewed,nc,nc
2000-09-03T08:36:30.110Z,38.3788333,-122.4133333,9.367,4.9,mw,77,34,0.02523,0.15,nc,nc21123384,2018-06-11T14:13:49.253Z,"Northern California",earthquake,0.19,0.4,,7,reviewed,nc,nc
2000-07-15T11:56:38.990Z,37.9743333,-122.0321667,15.237,3.7,mw,74,71,0.06036,0.11,nc,nc21109943,2017-03-17T16:09:58.613Z,"San Francisco Bay area, California",earthquake,0.17,0.28,,4,reviewed,nc,nc
2000-06-25T07:23:18.260Z,37.125,-121.5256667,7.407,3.63,ml,99,89,0.01171,0.07,nc,nc21105813,2016-12-31T13:58:13.280Z,"Northern California",earthquake,0.13,0.31,,12,reviewed,nc,nc
2000-03-25T16:22:49.840Z,36.9045,-121.0185,4.493,3.7,mw,91,91,0.127,0.07,nc,nc21088314,2016-12-31T08:16:03.840Z,"Central California",earthquake,0.19,0.59,,4,reviewed,nc,nc
1999-09-22T22:27:13.130Z,38.395,-122.6345,8.988,4.2,ml,66,48,0.02252,0.11,nc,nc21054737,2018-07-09T19:41:53.789Z,"Northern California",earthquake,0.16,0.48,,15,reviewed,nc,nc
1999-09-16T00:19:18.960Z,36.6326667,-121.2501667,10.82,3.54,ml,76,40,0.03874,0.07,nc,nc21052850,2016-12-30T20:02:05.540Z,"Central California",earthquake,0.14,0.25,,12,reviewed,nc,nc
1999-08-18T01:06:18.940Z,37.9073333,-122.6865,7.659,4.6,mw,71,76,0.02883,0.08,nc,nc21044694,2018-07-09T19:41:09.218Z,"San Francisco Bay area, California",earthquake,0.16,0.41,,7,reviewed,nc,nc
1999-04-15T03:20:25.490Z,36.581,-121.176,6.522,3.7,mw,76,29,0.01261,0.06,nc,nc30220097,2016-12-29T23:53:15.420Z,"Central California",earthquake,0.11,0.28,,4,reviewed,nc,nc
1999-03-23T18:36:40.410Z,36.6755,-121.2993333,6.326,4,mw,73,65,0.02252,0.06,nc,nc21005551,2016-12-29T22:25:31.140Z,"Central California",earthquake,0.13,0.3,,6,reviewed,nc,nc
1999-02-04T00:21:41.190Z,37.1623333,-121.554,5.733,3.6,mw,105,67,0.05586,0.07,nc,nc30216083,2016-12-29T18:31:22.140Z,"Northern California",earthquake,0.11,0.35,,3,reviewed,nc,nc
1999-02-04T00:19:36.900Z,37.1621667,-121.5516667,5.933,3.88,ml,103,67,0.05495,0.08,nc,nc30215953,2016-12-29T18:31:05.830Z,"Northern California",earthquake,0.13,0.4,,12,reviewed,nc,nc
1999-01-27T03:58:42.910Z,37.254,-121.639,6.027,3.8,mw,116,50,0.02793,0.04,nc,nc30215102,2016-12-29T18:01:43.430Z,"Northern California",earthquake,0.09,0.22,,5,reviewed,nc,nc
1999-01-18T08:48:36.710Z,36.6461667,-121.2678333,10.526,4.2,mw,83,39,0.02162,0.07,nc,nc30214213,2016-12-29T17:27:28.130Z,"Central California",earthquake,0.13,0.22,,6,reviewed,nc,nc
1998-12-29T12:41:39.200Z,37.0973333,-122.0323333,9.949,3.8,mw,93,104,0.06757,0.1,nc,nc30211543,2016-12-29T14:45:20.620Z,"Northern California",earthquake,0.18,0.32,,3,reviewed,nc,nc
1998-12-29T12:38:12.360Z,37.0946667,-122.0406667,9.969,3.7,mw,97,103,0.07027,0.1,nc,nc30211542,2016-12-29T14:44:37.070Z,"Northern California",earthquake,0.16,0.32,,2,reviewed,nc,nc
1998-12-04T12:16:07.770Z,37.9198333,-122.2886667,6.331,3.9,mw,90,24,0.04144,0.07,nc,nc30207983,2016-12-29T13:11:47.960Z,"San Francisco Bay area, California",earthquake,0.11,0.29,,3,reviewed,nc,nc
1998-10-10T06:50:31.430Z,36.959,-121.5753333,6.421,3.8,mw,100,20,0.007207,0.18,nc,nc30201287,2016-12-29T09:34:59.990Z,"Northern California",earthquake,0.19,0.44,,3,reviewed,nc,nc
1998-09-02T11:24:07.220Z,36.84,-121.2993333,6.984,3.8,mw,89,46,0.02342,0.07,nc,nc30194466,2016-12-29T05:55:50.300Z,"Central California",earthquake,0.13,0.24,,3,reviewed,nc,nc
1998-08-12T14:10:25.140Z,36.7545,-121.4615,8.822,5.1,mw,83,35,0.03784,0.19,nc,nc30190473,2017-04-26T17:54:55.602Z,"Central California",earthquake,0.24,0.54,,5,reviewed,nc,nc
1998-06-15T01:59:22.390Z,37.0388333,-121.4776667,7.95,4,mw,102,60,0.01441,0.06,nc,nc30179574,2016-12-28T18:51:12.440Z,"Northern California",earthquake,0.13,0.29,,3,reviewed,nc,nc
1998-05-28T20:31:32.990Z,36.8111667,-121.5411667,7.85,4.3,mw,80,35,0.02973,0.09,nc,nc30176079,2016-12-28T14:54:18.990Z,"Central California",earthquake,0.15,0.26,,3,reviewed,nc,nc
1997-10-30T21:11:08.560Z,36.7168333,-121.0121667,0.577,3.8,mw,82,57,0.07207,0.28,nc,nc529955,2016-12-26T17:42:01.330Z,"Central California",earthquake,0.29,2.44,,3,reviewed,nc,nc
1997-09-12T17:08:23.150Z,36.7841667,-121.501,7.26,3.5,mw,71,35,0.03153,0.11,nc,nc520878,2016-12-26T10:01:20.520Z,"Central California",earthquake,0.15,0.31,,3,reviewed,nc,nc
1997-08-06T11:04:37.340Z,36.98,-121.4663333,6.408,3.7,mw,99,45,0.04775,0.09,nc,nc515957,2016-12-26T07:16:36.630Z,"Central California",earthquake,0.14,0.35,,4,reviewed,nc,nc
1997-07-17T19:46:37.230Z,36.9636667,-121.5945,7.277,3.9,mw,90,20,0.01081,0.11,nc,nc513318,2016-12-26T05:09:42.650Z,"Northern California",earthquake,0.14,0.35,,3,reviewed,nc,nc
1997-07-14T06:11:11.780Z,37.1815,-122.322,15.834,3.5,mw,92,164,0.02703,0.1,nc,nc512654,2016-12-26T04:51:36.110Z,"Northern California",earthquake,0.36,0.38,,4,reviewed,nc,nc
1997-05-29T18:28:44.090Z,37.119,-121.5223333,7.651,3.52,md,106,89,0.005405,0.06,nc,nc506932,2016-12-26T01:13:32.830Z,"Northern California",earthquake,0.12,0.28,0.11,224,reviewed,nc,nc
1997-05-29T10:21:06.820Z,37.117,-121.5201667,7.551,3.59,ml,104,89,0.003604,0.07,nc,nc506875,2016-12-26T01:11:08.100Z,"Northern California",earthquake,0.13,0.3,,0,reviewed,nc,nc
1997-04-16T16:41:03.480Z,36.8806667,-121.6138333,7.083,3.55,md,79,53,0.01802,0.09,nc,nc30131608,2016-12-25T22:52:16.630Z,"Central California",earthquake,0.13,0.24,0.11,122,reviewed,nc,nc
1997-04-01T01:36:54.860Z,38.1508333,-121.93,21.385,3.65,md,70,72,0.1009,0.07,nc,nc500112,2016-12-25T21:51:42.360Z,"San Francisco Bay area, California",earthquake,0.22,0.16,0.14,195,reviewed,nc,nc
1997-03-27T22:47:53.010Z,38.151,-121.9328333,21.675,3.6,md,70,65,0.1036,0.08,nc,nc499729,2016-12-25T21:39:38.500Z,"San Francisco Bay area, California",earthquake,0.19,0.17,0.11,155,reviewed,nc,nc
1997-03-27T15:39:49.000Z,38.151,-121.9306667,21.425,3.7,mw,70,57,0.1018,0.08,nc,nc499656,2016-12-25T21:37:19.790Z,"San Francisco Bay area, California",earthquake,0.22,0.19,,4,reviewed,nc,nc
1997-03-27T11:30:06.990Z,38.15,-121.9335,21.335,3.57,md,70,65,0.1036,0.09,nc,nc499625,2016-12-25T21:36:07.680Z,"San Francisco Bay area, California",earthquake,0.21,0.17,0.11,195,reviewed,nc,nc
1997-03-22T11:31:49.340Z,36.8376667,-121.4091667,8.935,4.2,mw,90,29,0.01892,0.09,nc,nc498938,2016-12-25T21:19:59.930Z,"Central California",earthquake,0.14,0.23,,5,reviewed,nc,nc
1997-03-11T06:33:53.420Z,37.7136667,-122.5675,4.845,3.53,md,78,107,0.1054,0.05,nc,nc497458,2016-12-25T20:44:17.880Z,"offshore Northern California",earthquake,0.15,0.46,0.09,169,reviewed,nc,nc
1997-03-11T06:30:16.330Z,37.7125,-122.5673333,5.105,3.56,md,77,107,0.1045,0.05,nc,nc497456,2016-12-25T20:43:43.300Z,"offshore Northern California",earthquake,0.18,0.49,0.08,131,reviewed,nc,nc
1997-02-05T00:25:41.060Z,38.3641667,-122.651,6.508,3.7,mw,58,42,0.02613,0.12,nc,nc494027,2016-12-25T18:54:02.220Z,"Northern California",earthquake,0.17,0.42,,3,reviewed,nc,nc
1997-02-04T23:45:45.270Z,38.3625,-122.6486667,5.928,3.5,mw,68,41,0.02883,0.13,nc,nc494022,2016-12-25T18:53:42.420Z,"Northern California",earthquake,0.17,0.41,,3,reviewed,nc,nc
1996-09-07T23:19:17.330Z,36.6356667,-121.2511667,7.32,3.7,mw,79,39,0.03604,0.07,nc,nc478677,2016-12-25T02:54:21.720Z,"Central California",earthquake,0.13,0.27,,5,reviewed,nc,nc
1996-05-21T20:50:20.170Z,37.3593333,-121.7223333,7.518,4.7,mw,102,29,0.02793,0.05,nc,nc30106749,2016-12-24T17:53:56.060Z,"San Francisco Bay area, California",earthquake,0.1,0.3,,3,reviewed,nc,nc
1996-05-01T18:39:39.030Z,36.9046667,-121.632,5.401,3.5,mw,80,37,0.03604,0.09,nc,nc30105106,2016-12-24T16:23:30.530Z,"Central California",earthquake,0.13,0.26,,2,reviewed,nc,nc
1996-05-01T18:35:32.980Z,36.903,-121.631,5.611,3.7,mw,80,39,0.03604,0.09,nc,nc30105105,2016-12-24T16:22:53.740Z,"Central California",earthquake,0.14,0.27,,2,reviewed,nc,nc
1996-04-19T00:52:41.440Z,36.8853333,-121.6133333,5.345,4.9,mw,86,50,0,0.1,nc,nc30103999,2016-12-24T15:14:01.090Z,"Central California",earthquake,0.15,0.33,,2,reviewed,nc,nc
1996-04-18T23:21:52.000Z,36.8756667,-121.6053333,4.855,3.7,mw,85,52,0,0.1,nc,nc30103949,2016-12-24T15:13:16.890Z,"Central California",earthquake,0.15,0.3,,4,reviewed,nc,nc
1996-03-20T08:30:00.000Z,36.691,-121.3195,4.315,3.5,mw,72,32,0.02613,0.06,nc,nc30100022,2016-12-24T10:11:45.510Z,"Central California",earthquake,0.12,0.28,,2,reviewed,nc,nc
1996-01-10T02:16:58.340Z,36.814,-121.5293333,4.57,3.6,md,74,34,0.02523,0.13,nc,nc30093989,2016-12-24T05:29:06.010Z,"Central California",earthquake,0.17,0.31,0.12,149,reviewed,nc,nc
1995-12-13T06:25:54.110Z,36.9821667,-121.4703333,4.234,3.8,mw,98,66,0,0.09,nc,nc30091857,2016-12-24T02:50:58.860Z,"Central California",earthquake,0.13,0.37,,3,reviewed,nc,nc
1995-12-13T06:19:56.600Z,36.9808333,-121.4686667,4.334,3.6,md,95,65,0,0.09,nc,nc30091856,2016-12-24T02:50:41.560Z,"Central California",earthquake,0.11,0.31,0.12,149,reviewed,nc,nc
1995-12-13T05:45:12.760Z,36.9766667,-121.47,6.204,3.9,mw,92,65,0,0.09,nc,nc30094697,2016-12-24T02:49:57.690Z,"Central California",earthquake,0.13,0.42,,3,reviewed,nc,nc
1995-12-01T23:11:29.010Z,37.9291667,-122.2863333,8.609,3.5,mw,81,26,0,0.06,nc,nc30091039,2016-12-24T01:57:29.770Z,"San Francisco Bay area, California",earthquake,0.1,0.25,,3,reviewed,nc,nc
1995-11-29T23:12:33.630Z,36.8045,-121.5245,7.03,4.2,mw,84,36,0.02432,0.15,nc,nc30090903,2016-12-24T01:48:33.540Z,"Central California",earthquake,0.19,0.36,,3,reviewed,nc,nc
1995-11-29T18:47:41.360Z,36.797,-121.5146667,6.61,3.7,mw,85,35,0.02342,0.13,nc,nc30090872,2016-12-24T01:46:30.000Z,"Central California",earthquake,0.16,0.31,,4,reviewed,nc,nc
1995-11-12T20:59:00.200Z,36.7028333,-121.3358333,4.489,3.6,mw,76,34,0.009009,0.05,nc,nc30089625,2016-12-24T00:28:34.900Z,"Central California",earthquake,0.11,0.24,,4,reviewed,nc,nc
1995-09-27T16:44:42.310Z,36.5763333,-121.1771667,8.462,4,mw,84,28,0.01081,0.07,nc,nc30085627,2016-12-23T21:01:27.730Z,"Central California",earthquake,0.12,0.24,,4,reviewed,nc,nc
1995-09-22T16:06:18.120Z,36.8163333,-121.2045,6.721,4.2,mw,95,59,0.07568,0.08,nc,nc30084974,2016-12-23T20:36:05.340Z,"Central California",earthquake,0.13,0.31,,4,reviewed,nc,nc
1995-09-14T08:22:56.810Z,37.1071667,-121.5171667,7.207,3.7,mw,109,69,0.008108,0.06,nc,nc30083859,2016-12-23T19:50:51.000Z,"Northern California",earthquake,0.11,0.27,,3,reviewed,nc,nc
1995-09-13T20:36:46.530Z,37.0971667,-121.5111667,7.782,4.2,mw,107,61,0.01802,0.06,nc,nc30083805,2016-12-23T19:49:01.410Z,"Northern California",earthquake,0.12,0.28,,3,reviewed,nc,nc
1995-09-04T14:16:17.670Z,38.683,-122.7435,6.576,4.8,mw,60,42,0.02973,0.08,nc,nc30082729,2016-12-23T19:02:32.790Z,"Northern California",earthquake,0.14,0.32,,4,reviewed,nc,nc
1995-08-29T23:08:58.110Z,36.6893333,-121.319,5.665,3.5,mw,74,27,0.02793,0.06,nc,nc30082020,2016-12-23T18:31:11.420Z,"Central California",earthquake,0.12,0.3,,4,reviewed,nc,nc
1995-07-12T21:58:00.590Z,36.5908333,-121.1975,8.465,3.9,mw,83,36,0.01712,0.08,nc,nc30077114,2016-12-23T14:37:59.060Z,"Central California",earthquake,0.13,0.27,,3,reviewed,nc,nc
1995-06-16T04:20:36.250Z,36.7635,-121.3573333,9.225,3.9,mw,94,38,0.01441,0.26,nc,nc30074983,2016-12-23T12:33:24.530Z,"Central California",earthquake,0.29,0.47,,3,reviewed,nc,nc
1995-04-23T21:22:52.630Z,36.601,-121.2088333,8.715,3.53,md,74,29,0.02973,0.07,nc,nc30072083,2016-12-23T08:51:52.840Z,"Central California",earthquake,0.13,0.25,0.09,94,reviewed,nc,nc
1995-04-23T08:41:36.650Z,36.602,-121.201,6.605,4.9,mw,81,33,0.02883,0.07,nc,nc30071966,2016-12-23T08:32:22.910Z,"Central California",earthquake,0.14,0.3,,5,reviewed,nc,nc
1995-04-11T13:32:37.250Z,36.9443333,-121.4398333,3.11,3.58,md,81,54,0.04865,0.08,nc,nc30071365,2016-12-23T07:53:03.330Z,"Central California",earthquake,0.14,0.47,0.09,129,reviewed,nc,nc
1995-02-16T00:36:22.410Z,36.8031667,-121.5115,4.79,3.57,md,76,34,0.01712,0.08,nc,nc30068032,2016-12-23T04:12:30.340Z,"Central California",earthquake,0.11,0.25,0.09,165,reviewed,nc,nc
1995-01-12T23:42:39.240Z,36.8018333,-122.0841667,10.626,3.5,mw,109,177,0.2009,0.14,nc,nc30066121,2016-12-23T01:49:53.450Z,"offshore Central California",earthquake,0.33,0.48,,3,reviewed,nc,nc
1995-01-07T14:53:40.110Z,36.8128333,-121.5315,6.19,3.54,md,67,46,0.02703,0.07,nc,nc30065860,2016-12-23T01:30:21.290Z,"Central California",earthquake,0.12,0.23,0.16,110,reviewed,nc,nc
1994-12-07T03:21:40.740Z,37.3461667,-121.7105,7.258,3.9,mw,99,35,0.03964,0.04,nc,nc30063933,2016-12-22T21:58:20.370Z,"Northern California",earthquake,0.09,0.27,,2,reviewed,nc,nc
1994-12-04T10:35:14.400Z,37.3411667,-121.7055,7.858,3.7,mw,102,36,0.04505,0.04,nc,nc30063796,2016-12-22T21:42:37.260Z,"Northern California",earthquake,0.09,0.27,,2,reviewed,nc,nc
1994-10-11T23:13:50.620Z,36.8645,-121.5975,6.985,3.6,mw,83,51,0.02072,0.09,nc,nc30060329,2016-12-22T16:41:08.770Z,"Central California",earthquake,0.14,0.26,,3,reviewed,nc,nc
1994-09-07T19:09:59.660Z,37.5241667,-121.2566667,1.492,3.9,mw,114,63,0.0955,0.13,nc,nc30056792,2016-12-22T13:05:23.450Z,"Northern California",earthquake,0.17,1.61,,3,reviewed,nc,nc
1994-08-28T01:22:36.640Z,36.8125,-121.2018333,7.041,3.9,mw,92,59,0.07748,0.07,nc,nc30056040,2016-12-22T12:02:08.410Z,"Central California",earthquake,0.15,0.3,,4,reviewed,nc,nc
1994-06-26T08:42:50.310Z,37.9151667,-122.2851667,6.101,4,mw,86,24,0.04685,0.07,nc,nc30051723,2016-12-22T07:54:23.920Z,"San Francisco Bay area, California",earthquake,0.1,0.28,,4,reviewed,nc,nc
1994-06-11T14:23:00.040Z,36.5696667,-121.0561667,8.822,3.58,md,84,43,0.01622,0.13,nc,nc404001,2016-12-22T07:06:53.030Z,"Central California",earthquake,0.16,0.26,0.09,131,reviewed,nc,nc
1994-05-19T16:45:15.490Z,36.5985,-121.1975,7.143,4,mw,84,35,0.02432,0.07,nc,nc402450,2016-12-22T05:56:55.480Z,"Central California",earthquake,0.12,0.29,,3,reviewed,nc,nc
1994-04-24T19:06:39.230Z,36.5195,-121.0218333,9.135,3.79,md,90,45,0.04414,0.13,nc,nc400986,2016-12-22T04:43:37.330Z,"Central California",earthquake,0.18,0.29,0.09,198,reviewed,nc,nc
1994-03-01T02:45:59.190Z,36.6398333,-121.2535,6.21,3.7,mw,79,40,0.03153,0.05,nc,nc395840,2016-12-22T01:27:11.610Z,"Central California",earthquake,0.1,0.26,,3,reviewed,nc,nc
1994-01-11T10:53:52.340Z,36.9885,-121.7333333,13.339,4.1,mw,84,31,0.06577,0.07,nc,nc390824,2016-12-21T20:21:11.710Z,"Northern California",earthquake,0.16,0.38,,3,reviewed,nc,nc
1993-12-16T17:01:39.680Z,37.2828333,-121.6546667,8.938,3.7,md,103,45,0.02973,0.05,nc,nc389017,2016-12-21T07:52:34.310Z,"Northern California",earthquake,0.1,0.28,0.09,182,reviewed,nc,nc
1993-11-08T20:20:42.330Z,38.4008333,-122.5786667,9.705,3.7,md,58,32,0.06667,0.13,nc,nc30034321,2016-12-21T03:30:53.460Z,"Northern California",earthquake,0.2,0.58,0.1,72,reviewed,nc,nc
1993-10-11T07:19:45.190Z,36.5801667,-121.1743333,6.862,4.12,md,83,28,0.01351,0.07,nc,nc30031501,2016-12-21T00:22:04.540Z,"Central California",earthquake,0.12,0.29,0.11,282,reviewed,nc,nc
1993-09-19T21:10:09.650Z,38.1188333,-122.4473333,11.006,3.57,md,79,37,0.08288,0.17,nc,nc30028893,2016-12-20T22:13:31.590Z,"San Francisco Bay area, California",earthquake,0.18,0.38,0.15,160,reviewed,nc,nc
1993-09-19T20:49:06.550Z,38.1196667,-122.448,11.606,3.59,md,75,37,0.08198,0.16,nc,nc30028892,2016-12-20T22:13:19.440Z,"San Francisco Bay area, California",earthquake,0.19,0.35,0.11,163,reviewed,nc,nc
1993-08-11T22:33:04.000Z,37.312,-121.679,8.928,4.67,md,102,41,0.05405,0.07,nc,nc374372,2016-12-20T17:25:51.960Z,"Northern California",earthquake,0.12,0.35,0.13,360,reviewed,nc,nc
1993-05-11T03:45:29.090Z,36.8475,-121.5696667,4.806,3.53,md,64,32,0.01441,0.12,nc,nc347936,2016-12-20T11:10:52.580Z,"Central California",earthquake,0.14,0.18,0.2,63,reviewed,nc,nc
1993-04-03T20:53:49.320Z,36.931,-121.5571667,7.148,3.65,md,90,29,0.03333,0.1,nc,nc342895,2016-12-20T08:59:32.830Z,"Northern California",earthquake,0.12,0.32,0.1,146,reviewed,nc,nc
1993-04-03T09:39:21.740Z,36.7681667,-121.4733333,8.595,3.78,md,69,33,0.02072,0.08,nc,nc342861,2016-12-20T08:57:57.670Z,"Central California",earthquake,0.14,0.29,0.08,200,reviewed,nc,nc
1993-01-16T06:29:35.010Z,37.0183333,-121.4631667,7.203,4.91,mw,95,68,0.01892,0.06,nc,nc332444,2017-04-13T22:05:12.027Z,"9km E of Gilroy, California",earthquake,0.15,0.32,,3,reviewed,nc,nc
1992-12-20T21:05:20.830Z,37.75,-122.1491667,4.187,3.75,md,80,31,0.03514,0.1,nc,nc329659,2016-12-20T01:43:51.820Z,"San Francisco Bay area, California",earthquake,0.12,0.31,0.14,179,reviewed,nc,nc
1992-12-12T15:58:52.520Z,36.8538333,-121.582,4.606,3.77,md,81,40,0.02432,0.13,nc,nc329123,2016-12-20T01:22:09.890Z,"Central California",earthquake,0.16,0.32,0.11,112,reviewed,nc,nc
1992-12-12T15:53:46.250Z,36.8546667,-121.5851667,5.566,3.8,md,79,42,0.02703,0.12,nc,nc329122,2016-12-20T01:21:57.450Z,"Central California",earthquake,0.16,0.36,0.1,138,reviewed,nc,nc
1992-11-14T09:57:45.770Z,37.3635,-121.729,5.763,3.51,md,66,35,0.02342,0.04,nc,nc324692,2016-12-19T23:58:06.650Z,"San Francisco Bay area, California",earthquake,0.13,0.34,0.1,67,reviewed,nc,nc
1992-05-01T01:02:28.770Z,37.0996667,-121.026,-0.304,3.53,md,116,169,0.09369,0.14,nc,nc270358,2016-12-19T09:04:35.730Z,"Central California",earthquake,0.25,1.17,0.12,96,reviewed,nc,nc
1992-02-27T22:03:00.820Z,36.7701667,-121.4768333,7.189,3.52,md,79,34,0.02072,0.13,nc,nc253106,2016-12-19T04:34:45.400Z,"Central California",earthquake,0.15,0.32,0.14,225,reviewed,nc,nc
1992-02-15T14:36:19.650Z,37.6785,-121.6093333,16.29,4,md,95,42,0.08649,0.16,nc,nc251139,2016-12-19T03:58:03.250Z,"Northern California",earthquake,0.21,0.26,0.1,304,reviewed,nc,nc
1991-11-11T09:56:42.980Z,37.2675,-121.646,7.123,3.9,ml,112,48,0.02432,0.04,nc,nc237025,2016-12-18T20:28:20.060Z,"Northern California",earthquake,0.09,0.24,,0,reviewed,nc,nc
1991-10-22T23:21:45.570Z,37.2715,-121.6495,7.023,3.5,ml,107,48,0.02432,0.04,nc,nc235103,2016-12-18T19:28:36.960Z,"Northern California",earthquake,0.09,0.24,,0,reviewed,nc,nc
1991-09-19T09:07:56.200Z,36.911,-121.6408333,5.491,4.3,ml,87,31,0.02613,0.1,nc,nc232220,2016-12-18T17:13:16.670Z,"Central California",earthquake,0.14,0.3,,0,reviewed,nc,nc
1991-09-19T09:06:18.390Z,36.9035,-121.6323333,5.731,4.3,ml,91,38,0.03694,0.1,nc,nc231852,2016-12-18T17:13:07.370Z,"Central California",earthquake,0.16,0.31,,0,reviewed,nc,nc
1991-07-20T21:41:04.420Z,38.4075,-122.6668333,9.681,3.5,ml,65,53,0.01892,0.14,nc,nc225044,2016-12-18T13:06:41.670Z,"Northern California",earthquake,0.18,0.38,,0,reviewed,nc,nc
1991-07-12T15:15:58.380Z,37.847,-121.7803333,15.878,3.5,ml,79,61,0.04054,0.1,nc,nc224208,2016-12-18T12:41:58.180Z,"San Francisco Bay area, California",earthquake,0.15,0.2,,0,reviewed,nc,nc
1991-06-28T09:26:49.790Z,37.0883333,-122.3423333,15.263,3.6,ml,76,176,0.1099,0.1,nc,nc222263,2016-12-18T11:22:24.500Z,"offshore Northern California",earthquake,0.33,0.38,,0,reviewed,nc,nc
1991-05-01T10:09:00.500Z,37.0655,-121.8866667,12.988,3.7,ml,96,60,0.03784,0.08,nc,nc211652,2016-12-18T08:33:41.980Z,"Northern California",earthquake,0.15,0.28,,0,reviewed,nc,nc
1991-04-20T19:41:53.070Z,37.4183333,-121.6931667,6.988,4.1,ml,99,36,0.06757,0.06,nc,nc210980,2016-12-18T08:00:49.670Z,"Northern California",earthquake,0.11,0.46,,0,reviewed,nc,nc
1991-03-24T03:42:08.610Z,36.9651667,-121.7258333,14.562,4.6,ml,92,42,0.06126,0.08,nc,nc208480,2016-12-18T04:26:51.480Z,"Northern California",earthquake,0.18,0.31,,0,reviewed,nc,nc
1991-03-10T17:46:00.310Z,37.7073333,-121.7545,18.644,4,ml,90,69,0.02973,0.1,nc,nc207828,2016-12-18T03:41:46.730Z,"San Francisco Bay area, California",earthquake,0.15,0.18,,0,reviewed,nc,nc
1991-02-05T16:09:21.160Z,36.6046667,-121.0478333,9.931,3.5,ml,98,56,0.02793,0.24,nc,nc205947,2016-12-18T01:57:29.480Z,"Central California",earthquake,0.28,0.36,,0,reviewed,nc,nc
1990-10-14T02:06:20.900Z,38.0476667,-122.2196667,11.816,3.5,ml,84,59,0.09369,0.16,nc,nc20092421,2016-12-17T18:43:20.300Z,"San Francisco Bay area, California",earthquake,0.16,0.37,,0,reviewed,nc,nc
1990-10-05T06:04:17.700Z,37.074,-122.0151667,12.44,3.6,ml,98,93,0.05405,0.09,nc,nc20092396,2016-12-17T18:09:08.710Z,"Northern California",earthquake,0.18,0.31,,0,reviewed,nc,nc
1990-09-26T02:53:55.470Z,37.3853333,-122.1761667,6.541,3.5,ml,86,43,0.01892,0.06,nc,nc20092324,2016-12-17T17:37:02.750Z,"San Francisco Bay area, California",earthquake,0.11,0.3,,0,reviewed,nc,nc
1990-09-23T02:59:52.820Z,36.8118333,-121.5343333,6.577,3.6,ml,80,34,0.03514,0.1,nc,nc164550,2016-12-17T17:27:12.970Z,"Central California",earthquake,0.15,0.34,,0,reviewed,nc,nc
1990-09-11T07:13:31.400Z,36.6646667,-121.2915,7.528,4.4,ml,87,40,0.01441,0.07,nc,nc20092201,2016-12-17T16:37:49.280Z,"Central California",earthquake,0.12,0.25,,0,reviewed,nc,nc
1990-09-10T01:43:14.130Z,36.8931667,-121.6291667,7.271,3.5,ml,91,47,0.03063,0.08,nc,nc20092198,2016-12-17T16:30:06.210Z,"Central California",earthquake,0.15,0.28,,0,reviewed,nc,nc
1990-09-08T14:20:17.620Z,36.6795,-121.3066667,6.798,3.7,ml,87,33,0.02973,0.07,nc,nc20092176,2016-12-17T16:21:07.130Z,"Central California",earthquake,0.12,0.28,,0,reviewed,nc,nc
1990-09-08T12:52:02.490Z,36.678,-121.3041667,5.918,3.7,ml,88,35,0.02703,0.06,nc,nc20092174,2016-12-17T16:19:26.680Z,"Central California",earthquake,0.12,0.28,,0,reviewed,nc,nc
1990-09-08T12:48:22.040Z,36.6796667,-121.3065,6.588,4.1,ml,84,33,0.02973,0.07,nc,nc20092173,2016-12-17T16:19:12.830Z,"Central California",earthquake,0.13,0.28,,0,reviewed,nc,nc
1990-09-02T08:08:24.150Z,36.6691667,-121.2923333,5.898,3.5,ml,86,39,0.01532,0.06,nc,nc20092159,2016-12-17T15:52:40.010Z,"Central California",earthquake,0.11,0.28,,0,reviewed,nc,nc
1990-08-25T17:39:08.330Z,36.6816667,-121.3081667,4.868,3.5,ml,81,31,0.03153,0.06,nc,nc20092117,2016-12-17T15:18:03.190Z,"Central California",earthquake,0.11,0.29,,0,reviewed,nc,nc
1990-08-22T21:24:05.480Z,37.2096667,-122.0643333,13.225,3.6,ml,92,49,0.05315,0.08,nc,nc20092078,2016-12-17T15:05:25.490Z,"Northern California",earthquake,0.14,0.31,,0,reviewed,nc,nc
1990-08-17T02:26:16.740Z,37.293,-121.6671667,6.973,3.7,ml,107,44,0.03514,0.04,nc,nc20092038,2016-12-17T14:43:28.970Z,"Northern California",earthquake,0.1,0.26,,0,reviewed,nc,nc
1990-08-07T18:39:47.990Z,36.8536667,-121.3175,7.218,3.6,ml,92,43,0.03153,0.06,nc,nc20091966,2016-12-17T14:12:22.400Z,"Central California",earthquake,0.11,0.21,,0,reviewed,nc,nc
1990-08-05T06:52:13.440Z,36.8805,-121.6218333,8.608,4,ml,93,55,0.02432,0.09,nc,nc20091962,2016-12-17T14:01:00.940Z,"Central California",earthquake,0.16,0.3,,0,reviewed,nc,nc
1990-07-01T00:36:41.380Z,37.4148333,-121.763,7.617,4.1,ml,101,20,0.04685,0.06,nc,nc20091676,2016-12-17T11:50:16.100Z,"San Francisco Bay area, California",earthquake,0.1,0.43,,0,reviewed,nc,nc
1990-06-11T09:07:26.170Z,38.369,-122.4098333,10.261,3.5,ml,69,35,0.02883,0.18,nc,nc20091513,2016-12-17T10:13:05.060Z,"Northern California",earthquake,0.19,0.41,,0,reviewed,nc,nc
1990-05-17T18:49:48.690Z,37.3733333,-121.7296667,8.427,3.6,ml,98,30,0.02613,0.05,nc,nc20091356,2016-12-17T08:32:58.440Z,"San Francisco Bay area, California",earthquake,0.1,0.31,,0,reviewed,nc,nc
1990-04-28T04:47:41.200Z,37.8706667,-121.987,7.734,4.2,ml,83,44,0.07658,0.09,nc,nc20091187,2016-12-17T06:17:23.990Z,"San Francisco Bay area, California",earthquake,0.14,0.28,,0,reviewed,nc,nc
1990-04-28T04:41:47.280Z,37.876,-121.9743333,6.654,4.4,ml,78,47,0.06486,0.08,nc,nc20091186,2016-12-17T06:16:59.760Z,"San Francisco Bay area, California",earthquake,0.12,0.25,,0,reviewed,nc,nc
1990-04-22T02:00:15.400Z,36.903,-121.6326667,5.781,3.8,ml,100,39,0.03694,0.09,nc,nc20091192,2016-12-17T05:48:44.610Z,"Central California",earthquake,0.14,0.26,,0,reviewed,nc,nc
1990-04-19T14:07:45.830Z,36.9111667,-121.6436667,4.08,3.6,ml,86,70,0.02523,0.1,nc,nc1175485,2016-12-17T05:28:49.180Z,"Central California",earthquake,0.16,0.31,,0,reviewed,nc,nc
1990-04-18T16:19:13.050Z,36.9371667,-121.6713333,7.751,3.9,ml,96,55,0.00991,0.09,nc,nc20091179,2016-12-17T05:09:24.310Z,"Northern California",earthquake,0.16,0.3,,0,reviewed,nc,nc
1990-04-18T16:06:28.300Z,36.9403333,-121.6716667,7.561,3.7,ml,96,54,0.01171,0.09,nc,nc20091177,2016-12-17T05:08:45.700Z,"Northern California",earthquake,0.14,0.28,,0,reviewed,nc,nc
1990-04-18T15:48:25.160Z,36.9471667,-121.6758333,7.561,3.6,md,61,51,0.01622,0.08,nc,nc20091156,2016-12-17T05:07:16.860Z,"Northern California",earthquake,0.13,0.25,0.16,14,reviewed,nc,nc
1990-04-18T15:46:03.450Z,36.9588333,-121.6845,6.641,5.1,ml,87,28,0.00991,0.09,nc,nc20091155,2016-12-17T05:06:53.470Z,"Northern California",earthquake,0.14,0.28,,0,reviewed,nc,nc
1990-04-18T15:36:51.340Z,36.9485,-121.6761667,7.453,4,ml,62,96,0.01622,0.08,nc,nc20091176,2016-12-17T05:06:28.960Z,"Northern California",earthquake,0.18,0.33,,0,reviewed,nc,nc
1990-04-18T15:28:16.360Z,36.9425,-121.6691667,7.133,4.4,ml,61,98,0.01261,0.07,nc,nc20091174,2016-12-17T05:06:18.280Z,"Northern California",earthquake,0.19,0.31,,0,reviewed,nc,nc
1990-04-18T14:52:23.660Z,36.9181667,-121.6506667,7.603,4,ml,58,94,0.01622,0.08,nc,nc20091173,2016-12-17T05:05:42.600Z,"Northern California",earthquake,0.2,0.31,,0,reviewed,nc,nc
1990-04-18T13:53:51.300Z,36.9323333,-121.6568333,5.488,5.4,ml,100,36,0.004505,0.11,nc,nc20091154,2016-12-17T05:03:49.270Z,"Northern California",earthquake,0.16,0.29,,0,reviewed,nc,nc
1990-04-18T13:41:38.640Z,36.9308333,-121.656,5.748,4.9,ml,97,45,0.004505,0.09,nc,nc20091172,2016-12-17T05:03:34.180Z,"Northern California",earthquake,0.14,0.26,,0,reviewed,nc,nc
1990-04-18T13:38:10.170Z,36.9276667,-121.6421667,4.473,4.7,ml,16,85,0.06757,0.17,nc,nc20091171,2016-12-17T05:03:23.896Z,"Northern California",earthquake,0.42,1.06,,0,reviewed,nc,nc
1990-04-18T13:37:56.920Z,36.9213333,-121.6491667,5.698,4.3,ml,100,38,0.01441,0.1,nc,nc20091168,2016-12-17T05:03:17.970Z,"Northern California",earthquake,0.15,0.28,,0,reviewed,nc,nc
1990-04-10T03:28:21.440Z,36.8808333,-121.6145,6.878,3.6,ml,92,52,0.01802,0.09,nc,nc10091110,2016-12-17T04:19:09.070Z,"Central California",earthquake,0.14,0.26,,0,reviewed,nc,nc
1990-04-07T20:08:59.350Z,36.9033333,-121.6323333,5.601,4,ml,96,38,0.03694,0.09,nc,nc10091109,2016-12-17T03:57:31.470Z,"Central California",earthquake,0.14,0.26,,0,reviewed,nc,nc
1990-04-07T02:51:11.860Z,37.8746667,-121.9791667,7.787,3.6,ml,80,45,0.06937,0.06,nc,nc10091100,2016-12-17T03:42:16.490Z,"San Francisco Bay area, California",earthquake,0.12,0.27,,0,reviewed,nc,nc
1990-04-07T02:41:11.860Z,37.8628333,-121.9961667,6.317,3.7,ml,66,55,0.07027,0.06,nc,nc10091103,2016-12-17T03:41:47.260Z,"San Francisco Bay area, California",earthquake,0.11,0.17,,0,reviewed,nc,nc
1990-04-07T02:39:17.560Z,37.873,-121.9816667,7.927,4.4,ml,81,45,0.07117,0.08,nc,nc10091101,2016-12-17T03:41:38.490Z,"San Francisco Bay area, California",earthquake,0.13,0.26,,0,reviewed,nc,nc
1990-04-06T22:41:26.450Z,37.8681667,-122.001,8.684,3.9,ml,81,40,0.07117,0.08,nc,nc10091105,2016-12-17T03:37:06.900Z,"San Francisco Bay area, California",earthquake,0.12,0.28,,0,reviewed,nc,nc
1990-04-06T20:55:52.850Z,37.8691667,-121.9985,8.024,3.7,ml,74,41,0.07387,0.08,nc,nc1174858,2016-12-17T03:34:45.110Z,"San Francisco Bay area, California",earthquake,0.13,0.25,,0,reviewed,nc,nc
1990-03-28T06:08:25.220Z,36.8603333,-121.5678333,6.364,3.6,ml,74,43,0.01622,0.07,nc,nc1174401,2016-12-17T02:37:47.230Z,"Central California",earthquake,0.15,0.27,,0,reviewed,nc,nc
1990-03-23T13:50:18.770Z,36.8675,-121.6083333,8.507,3.7,ml,90,55,0.02162,0.09,nc,nc10090980,2016-12-17T02:18:04.180Z,"Central California",earthquake,0.16,0.29,,0,reviewed,nc,nc
1990-02-12T01:48:17.420Z,36.8661667,-121.601,7.297,3.8,ml,94,52,0.01982,0.09,nc,nc10090745,2016-12-16T22:01:31.090Z,"Central California",earthquake,0.15,0.27,,0,reviewed,nc,nc
1990-02-07T14:12:14.790Z,36.9561667,-121.682,6.701,4.1,ml,94,59,0.01081,0.09,nc,nc10090717,2016-12-16T21:38:23.310Z,"Northern California",earthquake,0.15,0.29,,0,reviewed,nc,nc
1990-01-25T14:04:31.560Z,36.6901667,-121.3196667,4.878,3.9,ml,83,45,0.02703,0.06,nc,nc10090648,2016-12-16T20:17:27.120Z,"Central California",earthquake,0.12,0.28,,0,reviewed,nc,nc
1989-12-27T16:10:01.240Z,37.198,-122.0511667,14.846,3.5,ml,91,54,0.03694,0.09,nc,nc10090476,2016-12-10T02:41:15.690Z,"Northern California",earthquake,0.17,0.31,,4,reviewed,nc,nc
1989-12-26T22:46:41.590Z,37.1983333,-122.0496667,14.436,3.5,ml,92,54,0.03694,0.07,nc,nc149743,2016-12-10T02:37:35.890Z,"Northern California",earthquake,0.13,0.27,,4,reviewed,nc,nc
1989-12-18T17:07:30.600Z,36.6998333,-121.3341667,5.179,3.8,ml,87,30,0.01171,0.07,nc,nc10090441,2016-12-10T01:44:05.480Z,"Central California",earthquake,0.12,0.29,,5,reviewed,nc,nc
1989-12-17T20:58:36.540Z,37.0538333,-121.9168333,18.002,3.7,ml,93,94,0.04054,0.09,nc,nc10090442,2016-12-10T01:39:17.770Z,"Northern California",earthquake,0.19,0.25,,3,reviewed,nc,nc
1989-12-12T03:52:01.010Z,37.1441667,-121.9796667,12.502,3.6,ml,96,62,0.04505,0.08,nc,nc10090365,2016-12-10T01:07:08.820Z,"Northern California",earthquake,0.14,0.27,,3,reviewed,nc,nc
1989-12-02T20:02:00.400Z,37.2375,-122.0258333,9.551,3.9,ml,81,41,0.04685,0.07,nc,nc10090309,2016-12-10T00:17:51.470Z,"San Francisco Bay area, California",earthquake,0.14,0.35,,4,reviewed,nc,nc
1989-12-01T12:37:43.190Z,36.6906667,-121.3216667,6.148,4.4,ml,87,28,0.02523,0.07,nc,nc10090270,2016-12-10T00:07:29.380Z,"Central California",earthquake,0.13,0.29,,8,reviewed,nc,nc
1989-12-01T11:16:50.040Z,36.692,-121.3235,5.948,3.5,ml,94,27,0.02342,0.06,nc,nc10090272,2016-12-10T00:06:18.310Z,"Central California",earthquake,0.11,0.26,,4,reviewed,nc,nc
1989-11-30T09:50:40.240Z,36.7233333,-121.3618333,3.229,3.5,ml,79,31,0.02072,0.07,nc,nc10090268,2016-12-10T00:01:22.520Z,"Central California",earthquake,0.13,0.32,,4,reviewed,nc,nc
1989-11-07T23:42:37.270Z,37.2353333,-122.0238333,9.921,4.2,ml,90,42,0.04414,0.08,nc,nc10090177,2016-12-09T21:20:40.980Z,"San Francisco Bay area, California",earthquake,0.13,0.34,,7,reviewed,nc,nc
1989-11-05T13:37:33.880Z,37.0658333,-121.8883333,12.889,4.2,ml,94,61,0.03784,0.09,nc,nc10090172,2018-06-04T20:43:45.000Z,"Northern California",earthquake,0.18,0.28,,6,reviewed,nc,nc
1989-11-05T01:30:41.910Z,37.0763333,-121.9106667,13.169,4,ml,98,48,0.05495,0.1,nc,nc146790,2016-12-09T20:43:24.890Z,"Northern California",earthquake,0.18,0.29,,5,reviewed,nc,nc
1989-11-04T07:16:04.580Z,37.7765,-122.157,9.742,3.6,ml,78,41,0.01622,0.05,nc,nc10090169,2016-12-09T20:34:55.320Z,"San Francisco Bay area, California",earthquake,0.1,0.2,,8,reviewed,nc,nc
1989-11-02T05:50:10.690Z,37.0698333,-121.8031667,8.656,4.7,ml,92,39,0.01982,0.09,nc,nc10090165,2018-06-04T20:43:45.000Z,"Northern California",earthquake,0.13,0.25,,7,reviewed,nc,nc
1989-11-01T08:03:17.260Z,37.1111667,-121.8313333,4.083,3.6,ml,90,36,0.003604,0.09,nc,nc10090154,2016-12-09T19:53:57.420Z,"Northern California",earthquake,0.12,0.24,,6,reviewed,nc,nc
1989-10-31T08:34:51.080Z,37.0711667,-121.8056667,10.69,3.5,ml,63,60,0.04414,0.1,nc,nc10090153,2016-12-09T19:35:13.720Z,"Northern California",earthquake,0.17,0.54,,5,reviewed,nc,nc
1989-10-30T11:17:13.370Z,37.0715,-121.8053333,9.156,4,ml,94,40,0.02162,0.08,nc,nc10090149,2016-12-09T19:23:14.410Z,"Northern California",earthquake,0.12,0.25,,8,reviewed,nc,nc
1989-10-26T09:01:28.860Z,37.0611667,-121.8761667,12.054,3.7,ml,92,62,0.03243,0.1,nc,nc211364,2016-12-09T18:04:15.360Z,"Northern California",earthquake,0.18,0.3,,5,reviewed,nc,nc
1989-10-25T22:01:49.370Z,37.0061667,-121.8038333,16.135,4,ml,92,48,0.01802,0.09,nc,nc145807,2016-12-09T17:55:48.750Z,"Northern California",earthquake,0.17,0.25,,7,reviewed,nc,nc
1989-10-25T13:00:41.850Z,36.9023333,-121.6326667,5.705,4,ml,86,69,0.03694,0.09,nc,nc10090136,2016-12-09T17:48:50.300Z,"Central California",earthquake,0.16,0.3,,4,reviewed,nc,nc
1989-10-25T01:27:26.220Z,37.0875,-121.8173333,9.453,4.7,ml,91,47,0.02613,0.07,nc,nc10090134,2018-06-04T20:43:45.000Z,"Northern California",earthquake,0.12,0.26,,7,reviewed,nc,nc
1989-10-22T14:24:36.900Z,37.0038333,-121.8061667,16.615,4,ml,86,49,0.01802,0.1,nc,nc235360,2016-12-09T16:47:33.520Z,"Northern California",earthquake,0.19,0.3,,7,reviewed,nc,nc
1989-10-22T09:44:57.840Z,36.9328333,-121.6626667,5.124,3.5,ml,90,71,0.001802,0.15,nc,nc10090171,2016-12-09T16:41:04.660Z,"Northern California",earthquake,0.18,0.3,,6,reviewed,nc,nc
1989-10-21T22:14:56.420Z,37.0676667,-121.8975,14.944,4.7,ml,94,85,0.04234,0.09,nc,nc10090142,2018-06-04T20:43:45.000Z,"Northern California",earthquake,0.2,0.31,,7,reviewed,nc,nc
1989-10-21T00:49:43.170Z,37.0558333,-121.8546667,12.577,4.5,ml,87,37,0.03333,0.09,nc,nc10090141,2018-06-04T20:43:45.000Z,"Northern California",earthquake,0.17,0.3,,7,reviewed,nc,nc
1989-10-20T08:12:53.870Z,37.187,-122.0573333,14.916,4,ml,83,59,0.03153,0.08,nc,nc20091826,2016-12-09T15:12:30.750Z,"Northern California",earthquake,0.18,0.34,,7,reviewed,nc,nc
1989-10-20T00:18:20.420Z,37.0988333,-121.9176667,9.503,4.3,ml,85,51,0.06757,0.08,nc,nc10090135,2016-12-09T14:52:39.240Z,"Northern California",earthquake,0.16,0.35,,7,reviewed,nc,nc
1989-10-19T17:26:18.560Z,36.927,-121.6506667,5.284,3.7,ml,88,70,0.00991,0.13,nc,nc273182,2016-12-09T14:36:40.220Z,"Northern California",earthquake,0.19,0.31,,6,reviewed,nc,nc
1989-10-19T17:15:05.460Z,36.924,-121.6496667,4.705,3.9,ml,88,70,0.01261,0.11,nc,nc273176,2016-12-09T14:36:12.200Z,"Northern California",earthquake,0.17,0.3,,5,reviewed,nc,nc
1989-10-19T12:25:33.240Z,36.9368333,-121.6723333,8.227,3.97,md,53,89,0.00991,0.07,nc,nc10090547,2016-12-09T14:25:17.480Z,"Northern California",earthquake,0.2,0.33,0.11,91,reviewed,nc,nc
1989-10-19T11:15:22.520Z,36.966,-121.8286667,10.976,3.6,ml,58,90,0.01261,0.1,nc,nc266398,2016-12-09T14:21:28.510Z,"Northern California",earthquake,0.2,0.37,,6,reviewed,nc,nc
1989-10-19T10:59:57.660Z,36.9638333,-121.8233333,12.016,3.6,ml,54,90,0.01622,0.08,nc,nc266392,2016-12-09T14:20:49.210Z,"Northern California",earthquake,0.21,0.45,,4,reviewed,nc,nc
1989-10-19T10:14:34.810Z,36.9728333,-121.8336667,12.266,4.6,ml,59,89,0.004505,0.09,nc,nc10090126,2018-06-04T20:43:45.000Z,"Northern California",earthquake,0.22,0.45,,7,reviewed,nc,nc
1989-10-19T09:53:50.060Z,36.9445,-121.676,7.807,4.5,ml,57,95,0.01712,0.08,nc,nc10090128,2018-06-04T20:43:45.000Z,"Northern California",earthquake,0.21,0.34,,8,reviewed,nc,nc
1989-10-19T08:45:49.680Z,36.9791667,-121.8348333,9.146,4,ml,62,87,0.001802,0.11,nc,nc10090202,2016-12-09T14:15:40.710Z,"Northern California",earthquake,0.23,0.37,,8,reviewed,nc,nc
1989-10-19T04:12:43.420Z,36.932,-121.6616667,6.404,3.6,ml,86,70,0.0009009,0.08,nc,nc264960,2016-12-09T14:05:51.740Z,"Northern California",earthquake,0.15,0.27,,6,reviewed,nc,nc
1989-10-19T03:55:00.210Z,36.9903333,-121.795,16.615,4,ml,78,95,0.03333,0.09,nc,nc145940,2016-12-09T14:05:05.720Z,"Northern California",earthquake,0.23,0.34,,7,reviewed,nc,nc
1989-10-18T18:06:57.980Z,36.9436667,-121.6718333,6.253,3.5,ml,47,111,0.01441,0.07,nc,nc20091226,2016-12-09T13:41:02.320Z,"Northern California",earthquake,0.2,0.29,,5,reviewed,nc,nc
1989-10-18T18:01:03.410Z,36.9483333,-121.6768333,6.263,3.8,ml,51,107,0.01532,0.08,nc,nc20091225,2016-12-09T13:40:53.710Z,"Northern California",earthquake,0.2,0.29,,5,reviewed,nc,nc
1989-10-18T16:58:01.600Z,37.0315,-121.8101667,2.346,3.5,ml,42,142,0.2207,0.19,nc,nc1166827,2016-12-09T13:37:27.390Z,"Northern California",earthquake,0.56,1.26,,3,reviewed,nc,nc
1989-10-18T10:22:04.650Z,37.033,-121.7903333,10.559,4.4,ml,61,26,0.02342,0.09,nc,nc10090140,2016-12-09T13:16:11.680Z,"Northern California",earthquake,0.2,0.35,,8,reviewed,nc,nc
1989-10-18T06:44:56.260Z,37.1761667,-121.9856667,7.694,3.6,ml,36,55,0.02613,0.06,nc,nc10090264,2016-12-09T13:02:08.850Z,"Northern California",earthquake,0.18,0.4,,8,reviewed,nc,nc
1989-10-18T06:39:10.120Z,36.9615,-121.6921667,9.023,4.3,ml,15,261,0.1865,0.04,nc,nc259958,2018-06-04T20:43:45.000Z,"Northern California",earthquake,1.41,2.26,,8,reviewed,nc,nc
1989-10-18T05:18:34.060Z,37.0235,-121.8443333,17.232,4.2,ml,34,212,0.08559,0.08,nc,nc10090129,2018-06-04T20:43:45.000Z,"Northern California",earthquake,0.71,0.46,,8,reviewed,nc,nc
1989-10-18T04:50:26.810Z,37.1706667,-122.0101667,10.354,4.3,ml,53,59,0.01712,0.06,nc,nc10090130,2018-06-04T20:43:45.000Z,"Northern California",earthquake,0.15,0.24,,8,reviewed,nc,nc
1989-10-18T04:28:14.730Z,36.9796667,-121.762,15.105,3.5,ml,45,69,0.05766,0.07,nc,nc10090454,2016-12-09T12:56:25.280Z,"Northern California",earthquake,0.21,0.32,,4,reviewed,nc,nc
1989-10-18T04:25:46.660Z,37.043,-121.7796667,7.029,3.7,ml,47,87,0.02613,0.09,nc,nc10090458,2016-12-09T12:55:59.820Z,"Northern California",earthquake,0.2,0.33,,6,reviewed,nc,nc
1989-10-18T04:16:32.450Z,37.0636667,-121.8901667,13.436,4.1,ml,51,61,0.06396,0.09,nc,nc10090201,2016-12-09T12:55:04.910Z,"Northern California",earthquake,0.23,0.4,,7,reviewed,nc,nc
1989-10-18T04:14:47.980Z,37.1323333,-121.9833333,14.806,3.5,ml,51,67,0.04955,0.08,nc,nc10090448,2016-12-09T12:54:52.690Z,"Northern California",earthquake,0.21,0.38,,7,reviewed,nc,nc
1989-10-18T04:00:59.070Z,37.1815,-121.9705,4.024,3.5,ml,35,51,0.02432,0.09,nc,nc256176,2016-12-09T12:53:51.870Z,"Northern California",earthquake,0.19,0.34,,8,reviewed,nc,nc
1989-10-18T03:46:52.690Z,36.993,-121.7586667,13.785,3.93,md,25,74,0.06216,0.07,nc,nc256525,2016-12-09T12:52:17.269Z,"Northern California",earthquake,0.33,0.9,0.14,5,reviewed,nc,nc
1989-10-18T03:46:29.390Z,37.0556667,-121.7868333,5.632,3.7,ml,38,63,0.01982,0.08,nc,nc255142,2016-12-09T12:52:12.100Z,"Northern California",earthquake,0.18,0.29,,4,reviewed,nc,nc
1989-10-18T03:35:45.250Z,37.1158333,-121.866,4.094,3.8,ml,51,41,0.02613,0.07,nc,nc10090447,2016-12-09T12:51:24.890Z,"Northern California",earthquake,0.16,0.3,,6,reviewed,nc,nc
1989-10-18T03:30:11.380Z,37.1376667,-121.9891667,14.796,4.32,md,56,67,0.04234,0.08,nc,nc10090146,2016-12-09T12:50:43.910Z,"Northern California",earthquake,0.21,0.38,0.23,146,reviewed,nc,nc
1989-10-18T03:23:56.190Z,37.1366667,-121.9893333,14.826,4,ml,53,67,0.04324,0.08,nc,nc10090444,2016-12-09T12:50:11.900Z,"Northern California",earthquake,0.19,0.37,,6,reviewed,nc,nc
1989-10-18T03:21:47.680Z,37.1106667,-121.8343333,4.184,3.9,ml,48,59,0.001802,0.06,nc,nc10090443,2016-12-09T12:49:55.840Z,"Northern California",earthquake,0.15,0.47,,6,reviewed,nc,nc
1989-10-18T03:02:42.560Z,37.1178333,-121.8618333,-0.355,3.7,ml,29,54,0.07658,0.07,nc,nc10090411,2016-12-09T12:48:23.890Z,"Northern California",earthquake,0.3,1.02,,6,reviewed,nc,nc
1989-10-18T02:26:05.740Z,37.0385,-121.7745,1.935,4.2,ml,43,91,0.08559,0.07,nc,nc10090186,2016-12-09T12:44:35.820Z,"Northern California",earthquake,0.2,1.04,,7,reviewed,nc,nc
1989-10-18T02:15:49.210Z,37.0233333,-121.7408333,-0.313,4.5,ml,34,85,0.06216,0.07,nc,nc10090144,2018-06-04T20:43:45.000Z,"Northern California",earthquake,0.28,0.47,,7,reviewed,nc,nc
1989-10-18T02:08:53.930Z,36.962,-121.7153333,13.317,3.5,ml,46,74,0.01892,0.07,nc,nc10090854,2016-12-09T12:42:37.970Z,"Northern California",earthquake,0.22,0.53,,5,reviewed,nc,nc
1989-10-18T01:45:57.380Z,37.0286667,-121.7915,10.909,3.5,ml,50,63,0.02523,0.05,nc,nc10090325,2016-12-09T12:39:27.940Z,"Northern California",earthquake,0.16,0.3,,5,reviewed,nc,nc
1989-10-18T01:24:58.750Z,36.8146667,-121.5323333,3.805,3.6,ml,29,118,0.03784,0.06,nc,nc10090318,2016-12-09T12:36:35.470Z,"Central California",earthquake,0.29,0.46,,6,reviewed,nc,nc
1989-10-18T01:24:33.250Z,37.1621667,-121.9965,8.366,4.01,md,15,72,0.02703,0.18,nc,nc250298,2016-12-09T12:36:26.322Z,"Northern California",earthquake,0.72,1.46,1.04,12,reviewed,nc,nc
1989-10-18T01:21:18.690Z,36.968,-121.7325,12.337,3.9,ml,48,74,0.03333,0.05,nc,nc10090815,2016-12-09T12:36:00.990Z,"Northern California",earthquake,0.16,0.39,,4,reviewed,nc,nc
1989-10-18T01:16:19.420Z,37.179,-121.9855,7.424,3.5,ml,51,53,0.02342,0.06,nc,nc10090803,2016-12-09T12:35:08.650Z,"Northern California",earthquake,0.14,0.4,,5,reviewed,nc,nc
1989-10-18T01:08:08.860Z,37.1943333,-122.0433333,14.336,3.6,ml,47,55,0.03153,0.05,nc,nc10090361,2016-12-09T12:33:55.160Z,"Northern California",earthquake,0.18,0.32,,3,reviewed,nc,nc
1989-10-18T01:03:58.990Z,37.1141667,-121.8411667,3.12,3.7,ml,43,87,0.007207,0.08,nc,nc10090782,2016-12-09T12:33:18.920Z,"Northern California",earthquake,0.13,0.67,,5,reviewed,nc,nc
1989-10-18T00:58:56.270Z,37.122,-121.9743333,14.259,3.9,ml,35,143,0.05856,0.1,nc,nc10090773,2016-12-09T12:32:26.020Z,"Northern California",earthquake,0.36,0.63,,3,reviewed,nc,nc
1989-10-18T00:45:38.640Z,36.951,-121.6788333,7.97,4,ml,47,95,0.01351,0.06,nc,nc10090732,2016-12-09T12:30:56.120Z,"Northern California",earthquake,0.18,0.43,,5,reviewed,nc,nc
1989-10-18T00:41:23.770Z,37.1901667,-122.052,15.306,5.1,ml,50,57,0.03063,0.09,nc,nc10090725,2018-06-04T20:43:45.000Z,"Northern California",earthquake,0.16,0.53,,4,reviewed,nc,nc
1989-10-18T00:38:28.040Z,37.1685,-121.9881667,10.434,4.3,ml,53,58,0.03333,0.07,nc,nc10090722,2016-12-09T12:30:04.780Z,"Northern California",earthquake,0.15,0.34,,4,reviewed,nc,nc
1989-10-18T00:35:25.700Z,37.1935,-122.0425,11.867,3.9,ml,32,77,0.03063,0.1,nc,nc10090673,2016-12-09T12:29:40.370Z,"Northern California",earthquake,0.23,0.61,,3,reviewed,nc,nc
1989-10-18T00:30:41.230Z,37.1193333,-121.986,15.437,4.2,ml,37,101,0.05766,0.08,nc,nc146266,2016-12-09T12:29:06.220Z,"Northern California",earthquake,0.27,0.43,,7,reviewed,nc,nc
1989-10-18T00:25:04.580Z,37.0523333,-121.7798333,5.494,4.8,ml,46,65,0.1189,0.09,nc,nc10090486,2018-06-04T20:43:45.000Z,"Northern California",earthquake,0.2,0.79,,5,reviewed,nc,nc
1989-10-18T00:24:35.830Z,37.191,-122.0335,7.976,3.5,ml,54,56,0.02613,0.59,nc,nc10090485,2016-12-09T12:28:19.300Z,"Northern California",earthquake,0.84,1.99,,5,reviewed,nc,nc
1989-10-18T00:23:37.530Z,37.0443333,-121.7621667,7.155,3.9,ml,45,69,0.03874,0.1,nc,nc10090484,2016-12-09T12:28:12.010Z,"Northern California",earthquake,0.2,0.98,,7,reviewed,nc,nc
1989-10-18T00:22:56.140Z,36.9436667,-121.6783333,6.485,3.6,md,39,93,0.09099,0.09,nc,nc10090495,2016-12-09T12:28:01.230Z,"Northern California",earthquake,0.22,0.79,0.26,22,reviewed,nc,nc
1989-10-18T00:21:04.280Z,37.0728333,-121.8681667,7.561,3.5,ml,19,138,0.1586,0.05,nc,nc10090492,2016-12-09T12:27:48.224Z,"Northern California",earthquake,0.43,1.42,,5,reviewed,nc,nc
1989-10-18T00:19:17.230Z,37.163,-121.9816667,10.164,4,ml,34,93,0.03874,0.04,nc,nc10090501,2016-12-09T12:27:38.840Z,"Northern California",earthquake,0.24,0.57,,7,reviewed,nc,nc
1989-10-18T00:17:33.270Z,37.201,-121.991,9.131,4,ml,9,186,0.002703,0.08,nc,nc10090498,2016-12-09T12:27:25.300Z,"Northern California",earthquake,0.89,1.21,,7,reviewed,nc,nc
1989-10-18T00:16:54.470Z,37.0981667,-121.9096667,3.381,4.1,ml,35,98,0.06126,0.11,nc,nc10090508,2016-12-09T12:27:16.770Z,"Northern California",earthquake,0.44,1.34,,7,reviewed,nc,nc
1989-10-18T00:15:10.890Z,37.0056667,-121.7866667,14.39,4.4,ml,34,97,0.04865,0.09,nc,nc10090504,2016-12-09T12:26:57.330Z,"Northern California",earthquake,0.28,0.64,,5,reviewed,nc,nc
1989-10-18T00:13:08.670Z,37.1748333,-122.0335,11.308,4.32,ma,16,68,0.01081,0.14,nc,nc10090503,2016-12-09T12:26:51.326Z,"Northern California",earthquake,0.41,0.94,0.3,2,reviewed,nc,nc
1989-10-18T00:12:42.300Z,37.176,-121.9781667,5.194,4.6,ml,19,183,0.02703,0.05,nc,nc10090513,2016-12-09T12:26:47.407Z,"Northern California",earthquake,0.52,0.56,,6,reviewed,nc,nc
1989-10-18T00:11:45.390Z,37.1661667,-121.986,9.434,4.2,ml,17,82,0.03604,0.04,nc,nc10090512,2016-12-09T12:26:43.669Z,"Northern California",earthquake,0.24,0.39,,5,reviewed,nc,nc
1989-10-18T00:09:55.910Z,37.0333333,-121.7245,4.575,4,ml,7,130,0.3495,0.08,nc,nc10090511,2016-12-09T12:26:39.669Z,"Northern California",earthquake,0.57,9.26,,5,reviewed,nc,nc
1989-10-18T00:08:45.470Z,37.076,-121.925,2.964,4.3,ml,5,248,0.1027,0.03,nc,nc10090509,2016-12-09T12:26:32.187Z,"Northern California",earthquake,1.26,1.53,,4,reviewed,nc,nc
1989-10-18T00:08:21.990Z,37.0701667,-121.894,10.434,4.4,ml,10,133,0.06126,0.16,nc,nc10090523,2016-12-09T12:26:28.665Z,"Northern California",earthquake,0.92,1.77,,5,reviewed,nc,nc
1989-10-18T00:07:43.300Z,36.988,-121.7413333,15.257,4.7,ml,12,121,0.07477,0.06,nc,nc10090522,2016-12-09T12:26:25.182Z,"Northern California",earthquake,0.57,0.96,,4,reviewed,nc,nc
1989-10-18T00:07:15.290Z,37.2381667,-121.9445,9.372,4.7,ml,8,81,0.145,0.16,nc,nc10090521,2016-12-09T12:26:21.546Z,"San Francisco Bay area, California",earthquake,0.64,2.97,,4,reviewed,nc,nc
1989-10-18T00:04:15.190Z,37.0361667,-121.8798333,17.214,6.9,mh,84,89,0.008108,0.08,nc,nc216859,2019-03-20T00:54:45.066Z,"Loma Prieta, California Earthquake",earthquake,0.21,0.31,,0,reviewed,nc,nc
1989-08-08T15:53:28.070Z,37.1613333,-121.9496667,14.849,4.5,ml,93,53,0.01622,0.1,nc,nc10089898,2018-06-04T20:43:45.000Z,"Northern California",earthquake,0.17,0.32,,1,reviewed,nc,nc
1989-08-08T08:44:09.680Z,37.1445,-121.9243333,12.839,4.3,ml,92,51,0.02523,0.09,nc,nc10089900,2016-12-09T07:43:22.230Z,"Northern California",earthquake,0.17,0.34,,6,reviewed,nc,nc
1989-08-08T08:13:27.390Z,37.1481667,-121.9268333,13.409,5.4,ml,92,51,0.02162,0.09,nc,nc10089897,2018-06-04T20:43:45.000Z,"Northern California",earthquake,0.16,0.34,,6,reviewed,nc,nc
1989-07-18T11:07:21.850Z,36.9045,-121.3473333,7.585,3.8,ml,90,45,0.03604,0.07,nc,nc10089838,2016-12-09T06:01:25.070Z,"Central California",earthquake,0.14,0.28,,6,reviewed,nc,nc
1989-07-09T13:38:44.450Z,37.41,-121.7566667,8.417,3.9,ml,99,22,0.05135,0.06,nc,nc10089813,2016-12-09T05:21:09.020Z,"San Francisco Bay area, California",earthquake,0.11,0.38,,5,reviewed,nc,nc
1989-06-22T01:13:24.190Z,38.0588333,-121.8563333,19.845,4.3,ml,68,61,0.1045,0.12,nc,nc10089768,2016-12-09T04:16:34.010Z,"San Francisco Bay area, California",earthquake,0.23,0.21,,4,reviewed,nc,nc
1989-05-15T15:39:37.720Z,36.7038333,-121.3316667,3.069,3.5,ml,82,35,0.01081,0.06,nc,nc10089624,2016-12-09T01:49:12.470Z,"Central California",earthquake,0.11,0.25,,4,reviewed,nc,nc
1989-04-12T06:39:37.710Z,37.7925,-121.7341667,15.873,3.5,ml,71,69,0.05856,0.09,nc,nc10089530,2016-12-09T00:18:01.900Z,"San Francisco Bay area, California",earthquake,0.19,0.25,,5,reviewed,nc,nc
1989-04-03T17:46:34.230Z,37.4318333,-121.7713333,11.317,4.5,ml,91,18,0.02973,0.08,nc,nc10089455,2018-06-04T20:43:45.000Z,"San Francisco Bay area, California",earthquake,0.13,0.38,,7,reviewed,nc,nc
1989-02-13T08:01:41.460Z,37.835,-122.603,1.832,3.6,ml,61,85,0,0.08,nc,nc131270,2016-12-08T21:20:38.930Z,"offshore Northern California",earthquake,0.17,0.52,,4,reviewed,nc,nc
